Div,Date,HomeTeam,AwayTeam,FTHG,FTAG,FTR,HTHG,HTAG,HTR,Referee,HY,AY,HR,AR,B365H,B365D,B365A,BWH,BWD,BWA,IWH,IWD,IWA,PSH,PSD,PSA,WHH,WHD,WHA,VCH,VCD,VCA,Bb1X2,BbMxH,BbAvH,BbMxD,BbAvD,BbMxA,BbAvA,BbOU,BbMx>2.5,BbAv>2.5,BbMx<2.5,BbAv<2.5,BbAH,BbAHh,BbMxAHH,BbAvAHH,BbMxAHA,BbAvAHA,PSCH,PSCD,PSCA
EC,04/08/2018,Aldershot,Barnet,0,0,D,0,0,D,A Young,1,1,0,0,2.5,3.5,2.62,2.3,3.3,2.8,2.5,3.2,2.6,2.67,3.37,2.77,2.6,3.3,2.7,2.55,3.4,2.7,22,2.67,2.51,3.41,3.25,2.8,2.65,21,2.02,1.93,1.91,1.83,7,0,1.92,1.86,1.99,1.95,2.6,3.42,2.82
EC,04/08/2018,Barrow,Havant & Waterlooville,3,0,H,1,0,H,M Woods,2,2,0,0,2.6,3.5,2.54,2.45,3.2,2.7,2.6,3.1,2.55,2.75,3.31,2.72,2.75,3.2,2.6,2.63,3.25,2.7,24,2.75,2.6,3.32,3.16,2.74,2.61,24,2.15,2.06,1.77,1.72,10,0,1.98,1.91,1.95,1.89,2.85,3.31,2.63
EC,04/08/2018,Boreham Wood,Dag and Red,1,0,H,0,0,D,C Brook,2,0,0,1,1.85,3.75,3.8,1.83,3.6,3.75,1.8,3.4,3.95,1.88,3.74,4.26,1.8,3.4,4,1.83,3.6,4.2,23,1.94,1.85,3.74,3.44,4.26,3.93,23,2.03,1.95,1.9,1.8,6,-0.5,1.89,1.86,2.02,1.97,1.95,3.64,4.08
EC,04/08/2018,Braintree Town,Halifax,0,2,A,0,1,A,W Finnie,1,1,0,0,2.2,3.4,3.1,2.3,3.3,2.85,2.2,3.2,3,2.32,3.43,3.23,2.38,3.2,2.88,2.3,3.4,3.1,24,2.38,2.28,3.43,3.24,3.23,2.98,24,2.07,1.99,1.85,1.77,9,-0.25,2.07,1.98,1.9,1.83,2.32,3.43,3.22
EC,04/08/2018,Dover Athletic,Wrexham,0,1,A,0,1,A,D Rock,2,0,0,0,2.3,3.5,2.87,2.4,3.25,2.75,2.3,3.1,2.9,2.44,3.31,3.12,2.38,3.25,3,2.4,3.25,3,41,2.49,2.37,3.5,3.21,3.19,2.92,38,2.21,2.11,1.75,1.7,23,-0.25,2.14,2.05,1.84,1.78,2.3,3.36,3.32
EC,04/08/2018,Eastleigh,Solihull,1,2,A,0,0,D,C Pollard,1,0,0,0,2.25,3.5,3,2.1,3.3,3.2,2.3,3.15,2.85,2.41,3.38,3.1,2.3,3.2,3,2.38,3.3,3,24,2.41,2.3,3.4,3.23,3.2,2.95,24,2.05,1.98,1.88,1.78,8,-0.25,2.08,2,1.86,1.8,2.24,3.56,3.27
EC,04/08/2018,Ebbsfleet,Chesterfield,0,1,A,0,0,D,S Allison,2,2,0,0,2.25,3.4,3.1,2.25,3.4,2.85,2.15,3.2,3.05,2.32,3.45,3.21,2.2,3.2,3.2,2.2,3.4,3.25,24,2.32,2.22,3.45,3.26,3.27,3.06,24,2.06,1.98,1.86,1.78,8,0,1.67,1.64,2.31,2.21,2.26,3.62,3.17
EC,04/08/2018,Fylde,Bromley,2,1,H,1,0,H,J Hull,1,1,0,0,1.83,3.6,4.2,1.87,3.5,3.7,1.8,3.45,3.95,1.85,3.81,4.34,1.8,3.5,4.33,1.83,3.6,4.2,22,1.87,1.82,3.81,3.52,4.35,3.99,22,1.92,1.82,2.02,1.93,9,-0.5,1.86,1.83,2.05,1.98,1.86,3.75,4.36
EC,04/08/2018,Harrogate,Sutton,2,2,D,0,1,A,S Mather,2,2,0,0,2.45,3.4,2.75,2.45,3.2,2.7,2.5,3.15,2.6,2.64,3.45,2.75,2.6,3.3,2.7,2.6,3.3,2.7,24,2.68,2.52,3.45,3.22,2.75,2.65,24,2.01,1.91,1.93,1.83,10,0,1.92,1.86,1.99,1.93,2.65,3.45,2.74
EC,04/08/2018,Maidenhead,Gateshead,1,3,A,0,1,A,L Wood,0,1,0,0,1.95,3.6,3.6,2,3.4,3.4,1.95,3.35,3.45,1.96,3.75,3.92,2.05,3.5,3.5,1.95,3.6,3.75,23,2.05,1.97,3.75,3.44,3.92,3.56,23,1.91,1.83,2.03,1.93,7,-0.5,2,1.94,1.94,1.88,1.75,4.11,4.6
EC,04/08/2018,Maidstone,Hartlepool,1,1,D,1,1,D,A Dale,0,1,0,0,2.1,3.6,3.2,2.4,3.25,2.75,2.25,3.25,2.85,2.19,3.62,3.32,2.25,3.3,3,2.25,3.5,3.1,24,2.5,2.3,3.52,3.3,3.26,2.9,23,1.91,1.83,2,1.92,8,0,1.8,1.65,2.4,2.21,1.96,3.99,3.66
EC,04/08/2018,Salford,Leyton Orient,1,1,D,0,0,D,D Middleton,0,0,0,0,1.95,3.6,3.6,1.95,3.4,3.5,1.95,3.35,3.45,2.05,3.63,3.72,2.05,3.4,3.6,2,3.5,3.6,24,2.09,2.01,3.63,3.38,3.72,3.47,23,1.93,1.86,1.97,1.89,9,-0.5,2.07,2.01,1.86,1.8,2.09,3.6,3.6
EC,07/08/2018,Barnet,Braintree Town,1,1,D,0,1,A,L Wood,0,1,0,0,1.57,3.8,6,1.6,3.75,5,1.55,3.85,5.25,1.61,4.26,5.71,1.67,3.8,4.5,1.57,3.9,6,26,1.67,1.57,4.26,3.85,6,5.2,25,1.91,1.82,2.04,1.94,9,-0.75,1.79,1.71,2.19,2.12,1.4,4.86,8.79
EC,07/08/2018,Bromley,Dover Athletic,2,2,D,1,1,D,C Brook,3,4,0,0,2.37,3.5,2.8,2.35,3.4,2.7,2.25,3.15,2.9,2.38,3.44,3.11,2.3,3.2,3,2.38,3.3,3,26,2.44,2.33,3.5,3.24,3.11,2.88,25,2.05,1.95,1.89,1.8,9,-0.25,2.08,2.01,1.85,1.8,2.28,3.45,3.28
EC,07/08/2018,Chesterfield,Aldershot,3,0,H,2,0,H,P Gibbons,1,3,0,0,2.1,3.4,3.4,2.05,3.3,3.3,2.1,3.2,3.25,2.24,3.36,3.45,2.15,3.25,3.25,2.15,3.3,3.4,26,2.24,2.13,3.4,3.2,3.53,3.26,25,2.16,2.05,1.8,1.72,9,-0.25,1.93,1.87,2,1.93,2.29,3.31,3.4
EC,07/08/2018,Dag and Red,Maidstone,1,2,A,0,1,A,C Pollard,1,2,0,0,2.4,3.5,2.75,2.4,3.2,2.75,2.3,3.2,2.85,2.42,3.44,3.04,2.45,3.1,2.88,2.45,3.3,2.9,25,2.46,2.38,3.5,3.21,3.04,2.83,24,2.1,1.98,1.9,1.78,8,0,1.75,1.72,2.2,2.09,2.6,3.43,2.8
EC,07/08/2018,Gateshead,Salford,2,1,H,1,1,D,M Woods,0,0,0,0,3.5,3.4,2.04,3.25,3.25,2.1,3.15,3.3,2.1,3.36,3.61,2.18,3,3.3,2.25,3.3,3.4,2.15,26,3.5,3.18,3.61,3.3,2.25,2.13,25,2,1.9,1.93,1.84,9,0.25,2,1.94,1.9,1.86,3.45,3.57,2.16
EC,07/08/2018,Halifax,Barrow,2,0,H,1,0,H,D Middleton,3,2,0,0,2.1,3.4,3.4,2.05,3.25,3.4,2,3.25,3.4,2.12,3.5,3.62,2.15,3.25,3.25,2.1,3.3,3.5,26,2.2,2.08,3.5,3.26,3.62,3.36,25,2.13,2.05,1.79,1.72,9,-0.25,1.87,1.81,2.07,1.99,2.21,3.36,3.54
EC,07/08/2018,Hartlepool,Harrogate,2,2,D,0,0,D,J Johnson,0,0,0,0,2.5,3.3,2.8,2.35,3.2,2.85,2.4,3.15,2.75,2.54,3.35,2.93,2.45,3.1,2.88,2.5,3.3,2.75,26,2.59,2.45,3.35,3.17,2.93,2.75,25,2.1,2.01,1.81,1.75,9,0,1.83,1.8,2.09,1.98,2.9,3.35,2.57
EC,07/08/2018,Havant & Waterlooville,Boreham Wood,0,0,D,0,0,D,D Bourne,1,2,0,0,2.7,3.4,2.5,2.65,3.25,2.45,2.75,3.05,2.45,2.99,3.23,2.57,2.62,3.2,2.6,2.8,3.25,2.55,26,2.99,2.74,3.4,3.11,2.6,2.48,24,2.24,2.12,1.74,1.67,10,0,2.11,2,1.87,1.79,2.67,3.25,2.85
EC,07/08/2018,Leyton Orient,Ebbsfleet,1,1,D,1,0,H,A Quelch,2,3,0,0,2.2,3.4,3.2,2.25,3.1,3.1,2.15,3.1,3.25,2.25,3.34,3.45,2.2,3.2,3.2,2.25,3.25,3.3,26,2.32,2.19,3.4,3.17,3.45,3.21,23,2.25,2.15,1.7,1.65,9,-0.25,1.98,1.9,1.96,1.9,2.01,3.47,4.06
EC,07/08/2018,Solihull,Maidenhead,1,0,H,1,0,H,J Oldham,1,2,1,0,2.2,3.3,3.25,2.2,3.3,3,2.15,3.15,3.2,2.23,3.43,3.4,2.2,3.2,3.2,2.2,3.3,3.25,26,2.28,2.19,3.43,3.21,3.4,3.13,23,2.15,2.04,1.81,1.72,9,-0.25,1.96,1.9,1.97,1.9,2.37,3.34,3.2
EC,07/08/2018,Sutton,Eastleigh,1,0,H,1,0,H,D Rock,0,3,0,0,1.75,3.5,4.75,1.8,3.5,4,1.7,3.55,4.45,1.77,3.78,4.93,1.8,3.4,4.33,1.8,3.6,4.4,23,1.81,1.74,3.79,3.53,4.94,4.38,22,2,1.85,2,1.89,8,-0.5,1.82,1.74,2.16,2.07,1.78,3.76,4.91
EC,07/08/2018,Wrexham,Fylde,0,0,D,0,0,D,M Edwards,0,1,0,0,2.45,3.3,2.8,2.45,3.2,2.7,2.5,3.05,2.7,2.68,3.16,2.91,2.5,3.1,2.8,2.55,3.2,2.8,26,2.68,2.51,3.3,3.1,2.91,2.75,23,2.22,2.13,1.7,1.66,10,0,1.87,1.83,2.03,1.96,2.66,3.24,2.87
EC,11/08/2018,Barnet,Eastleigh,1,2,A,0,1,A,D Middleton,0,1,0,0,1.57,3.75,6,1.57,3.6,5.75,1.55,3.8,4.95,1.61,4.26,5.42,1.6,3.8,5,1.6,4,5.4,33,1.62,1.57,4.26,3.84,6,5.23,30,1.86,1.74,2.11,2.01,14,-0.75,1.81,1.74,2.13,2.05,1.76,3.8,4.96
EC,11/08/2018,Bromley,Harrogate,1,1,D,1,0,H,A Quelch,1,3,0,0,2.04,3.5,3.4,2.1,3.3,3.2,2,3.35,3.3,2.07,3.66,3.54,2.15,3.4,3.1,2.1,3.5,3.3,34,2.16,2.06,3.66,3.39,3.54,3.28,32,1.82,1.76,2.09,2,15,-0.25,1.88,1.81,2.09,1.99,2.38,3.43,3.12
EC,11/08/2018,Chesterfield,Braintree Town,1,0,H,0,0,D,A Miller,1,0,0,0,1.5,4,7,1.45,4.1,6.5,1.5,4,5.75,1.49,4.47,6.87,1.53,3.8,6,1.5,4.3,6.25,34,1.53,1.48,4.5,4.05,8,6.25,32,1.82,1.75,2.09,2,15,-1,1.91,1.83,2.02,1.95,1.66,3.74,6.08
EC,11/08/2018,Dag and Red,Maidenhead,2,2,D,0,1,A,W Finnie,2,0,0,1,2.2,3.4,3.2,2.2,3.5,2.9,2.2,3.25,3,2.29,3.52,3.13,2.25,3.3,3,2.25,3.4,3.13,34,2.31,2.21,3.52,3.28,3.2,3.01,32,1.95,1.86,1.99,1.89,15,-0.25,1.97,1.91,1.93,1.87,2.51,3.44,2.9
EC,11/08/2018,Gateshead,Dover Athletic,2,1,H,1,1,D,G Rhodes,0,0,0,0,2.4,3.4,2.8,2.3,3.4,2.8,2.3,3.3,2.75,2.44,3.48,2.94,2.38,3.3,2.8,2.38,3.4,2.88,34,2.44,2.34,3.5,3.3,2.94,2.79,32,1.9,1.81,2,1.94,15,-0.25,2.1,2.04,1.8,1.75,2.57,3.51,2.82
EC,11/08/2018,Halifax,Maidstone,3,0,H,1,0,H,M Woods,0,1,0,0,2.37,3.4,2.87,2.4,3.3,2.7,2.35,3.15,2.8,2.49,3.36,2.93,2.4,3.25,2.8,2.45,3.3,2.88,34,2.49,2.38,3.4,3.2,3,2.82,32,2.11,2.01,1.82,1.75,15,0,1.81,1.75,2.13,2.06,2.31,3.48,3.19
EC,11/08/2018,Hartlepool,Ebbsfleet,0,1,A,0,0,D,M Edwards,0,0,0,0,2.6,3.4,2.6,2.55,3.3,2.55,2.6,3.1,2.55,2.75,3.3,2.67,2.6,3.3,2.6,2.63,3.3,2.63,33,2.75,2.6,3.4,3.18,2.67,2.57,31,2.11,2.01,1.82,1.75,14,0,1.97,1.9,1.95,1.89,3.21,3.39,2.34
EC,11/08/2018,Havant & Waterlooville,Fylde,1,1,D,0,1,A,A Dale,2,3,0,0,2.6,3.4,2.6,2.7,3.4,2.35,2.5,3.2,2.55,2.6,3.46,2.73,2.7,3.3,2.45,2.6,3.4,2.63,31,2.7,2.58,3.46,3.24,2.73,2.56,30,2.05,1.94,1.92,1.81,14,0,1.92,1.86,1.98,1.91,2.7,3.59,2.61
EC,11/08/2018,Leyton Orient,Barrow,2,2,D,0,1,A,T Reeves,0,4,0,0,1.55,3.8,6.5,1.57,3.7,5.5,1.55,3.65,5.5,1.58,3.95,6.42,1.62,3.6,5.5,1.62,3.8,5.75,34,1.63,1.57,3.95,3.68,7,5.63,31,2.1,2,1.85,1.76,15,-0.75,1.85,1.77,2.13,2.02,1.65,3.87,6
EC,11/08/2018,Solihull,Aldershot,1,0,H,0,0,D,D Bourne,1,1,0,0,2.3,3.4,3,2.4,3.3,2.7,2.35,3.1,2.85,2.42,3.33,3.08,2.3,3.2,3,2.38,3.25,3,34,2.5,2.34,3.4,3.18,3.08,2.92,30,2.15,2.05,1.78,1.71,15,0,1.74,1.68,2.2,2.13,2.24,3.51,3.32
EC,11/08/2018,Sutton,Salford,2,1,H,1,1,D,R Hulme,1,2,1,0,2.3,3.5,2.87,2.35,3.1,2.95,2.25,3.25,2.85,2.4,3.35,3.07,2.2,3.3,3.1,2.45,3.4,2.8,34,2.45,2.3,3.5,3.24,3.1,2.89,32,1.94,1.86,1.97,1.89,15,0,1.8,1.69,2.28,2.11,2.14,3.56,3.48
EC,11/08/2018,Wrexham,Boreham Wood,3,0,H,1,0,H,J Johnson,0,0,0,0,2.3,3.3,3.1,2.35,3.1,2.95,2.25,2.9,3.2,2.39,3.06,3.46,2.15,3.1,3.4,2.3,3.1,3.3,32,2.4,2.3,3.3,3,3.46,3.15,29,2.6,2.45,1.54,1.51,15,-0.25,2.04,1.97,1.9,1.82,2.43,3.05,3.4
EC,14/08/2018,Aldershot,Dag and Red,2,1,H,1,0,H,D Middleton,3,1,0,0,2.2,3.5,3.1,2.15,3.3,3.1,2.15,3.3,3.05,2.24,3.55,3.28,2.2,3.3,3.1,2.2,3.5,3.1,38,2.3,2.19,3.55,3.34,3.28,3.05,36,1.92,1.84,2.02,1.91,17,-0.25,1.99,1.93,1.96,1.87,2.19,3.57,3.36
EC,14/08/2018,Barrow,Chesterfield,3,2,H,1,1,D,J Johnson,2,2,1,1,3,3.6,2.2,3.2,3.5,2.05,3,3.25,2.2,3.18,3.43,2.34,3.1,3.3,2.2,3.1,3.4,2.25,37,3.25,3.05,3.6,3.32,2.34,2.2,36,1.98,1.89,1.95,1.86,16,0.25,1.92,1.86,2.02,1.93,3.19,3.49,2.31
EC,14/08/2018,Boreham Wood,Gateshead,1,1,D,1,0,H,R Hulme,2,1,0,0,1.95,3.5,3.75,2,3.5,3.25,2,3.2,3.45,2.09,3.37,3.87,2,3.3,3.6,2.05,3.4,3.6,37,2.09,2.01,3.5,3.31,4,3.53,35,2.03,1.96,1.88,1.79,15,-0.5,2.09,2.02,1.84,1.79,2.1,3.38,3.83
EC,14/08/2018,Braintree Town,Hartlepool,1,1,D,0,1,A,P Gibbons,2,2,0,0,2.6,3.25,2.7,2.35,3.5,2.65,2.55,3.2,2.5,2.75,3.49,2.61,2.45,3.3,2.7,2.6,3.4,2.63,38,2.75,2.55,3.5,3.28,2.7,2.58,36,1.95,1.87,1.98,1.88,17,0,2,1.9,1.96,1.9,2.86,3.56,2.48
EC,14/08/2018,Dover Athletic,Havant & Waterlooville,4,3,H,1,0,H,J Oldham,1,2,0,0,2.2,3.6,3,2.1,3.4,3.1,2.2,3.25,2.95,2.32,3.54,3.13,2.2,3.3,3.1,2.25,3.4,3.1,34,2.38,2.24,3.6,3.34,3.17,2.98,33,1.99,1.88,1.95,1.87,16,-0.25,2.01,1.96,1.92,1.84,2.21,3.53,3.37
EC,14/08/2018,Eastleigh,Bromley,1,0,H,1,0,H,S Allison,3,2,0,0,2.5,3.25,2.8,2.35,3.3,2.75,2.35,3.25,2.75,2.46,3.54,2.91,2.45,3.3,2.7,2.4,3.5,2.8,37,2.5,2.39,3.54,3.31,2.91,2.75,35,1.91,1.8,2.09,1.96,16,0,1.82,1.76,2.12,2.05,2.17,3.71,3.32
EC,14/08/2018,Ebbsfleet,Sutton,0,1,A,0,1,A,A Dale,3,2,0,0,2.37,3.25,3,2.2,3.5,2.85,2.35,3.15,2.8,2.5,3.38,2.97,2.3,3.3,2.9,2.4,3.4,2.88,37,2.5,2.34,3.5,3.26,3.2,2.86,35,2.03,1.92,1.93,1.83,15,-0.25,2.14,2.06,1.81,1.75,2.44,3.44,3.03
EC,14/08/2018,Fylde,Solihull,3,1,H,2,0,H,R Welch,1,3,0,0,2.04,3.5,3.3,1.95,3.4,3.5,2,3.3,3.35,2.11,3.51,3.65,2,3.4,3.5,2.1,3.5,3.4,38,2.14,2.03,3.51,3.36,3.71,3.39,36,1.98,1.89,1.95,1.86,15,-0.5,2.14,2.06,1.84,1.75,2.13,3.46,3.64
EC,14/08/2018,Harrogate,Barnet,2,0,H,2,0,H,S Lucas,1,0,0,0,2.62,3.25,2.62,2.5,3.4,2.5,2.5,3.15,2.6,2.63,3.36,2.82,2.6,3.2,2.6,2.55,3.4,2.7,38,2.75,2.55,3.4,3.23,2.82,2.62,36,2.01,1.94,1.91,1.82,17,0,1.92,1.86,2.02,1.93,2.61,3.37,2.84
EC,14/08/2018,Maidenhead,Wrexham,0,2,A,0,2,A,T Reeves,0,1,0,0,2.5,3.25,2.8,2.45,3.3,2.65,2.5,3.1,2.65,2.65,3.31,2.83,2.6,3.2,2.62,2.55,3.3,2.75,38,2.69,2.52,3.35,3.19,2.83,2.67,36,2.15,2.01,1.85,1.75,16,0,1.89,1.83,2.02,1.96,2.58,3.43,2.82
EC,14/08/2018,Maidstone,Leyton Orient,1,2,A,0,2,A,D Rock,1,2,0,0,3.1,3.3,2.3,2.7,3.25,2.4,2.85,3.2,2.3,3.02,3.38,2.46,2.75,3.25,2.45,3.1,3.3,2.3,37,3.1,2.86,3.4,3.24,2.5,2.35,35,1.98,1.91,1.93,1.84,15,0,2.28,2.15,1.76,1.69,3.73,3.83,1.99
EC,14/08/2018,Salford,Halifax,2,1,H,1,0,H,A Miller,1,1,0,0,1.85,3.6,4,1.9,3.5,3.6,1.8,3.4,3.9,1.93,3.67,4.16,1.91,3.4,3.8,1.87,3.6,4,37,1.93,1.86,3.67,3.48,4.2,3.87,35,1.99,1.89,1.97,1.86,16,-0.5,1.93,1.87,2,1.93,2.07,3.45,3.86
EC,18/08/2018,Aldershot,Harrogate,0,2,A,0,0,D,A Dale,1,0,0,0,2.2,3.4,3.2,2.25,3.25,2.95,2.25,3.25,2.9,2.24,3.45,3.29,2.2,3.3,3.1,2.2,3.4,3.2,36,2.28,2.19,3.45,3.27,3.29,3.05,35,1.99,1.92,1.91,1.83,15,-0.25,1.97,1.9,1.94,1.89,2.25,3.54,3.26
EC,18/08/2018,Barnet,Ebbsfleet,0,3,A,0,1,A,R Hulme,2,1,0,0,2,3.5,3.6,2.05,3.25,3.4,2.05,3.4,3.2,2.16,3.31,3.64,2.05,3.25,3.5,2.05,3.4,3.6,35,2.17,2.04,3.5,3.27,3.64,3.43,34,2.06,2,1.83,1.76,14,-0.25,1.86,1.79,2.09,2.01,2.31,3.26,3.37
EC,18/08/2018,Braintree Town,Havant & Waterlooville,3,4,A,2,2,D,S Purkiss,1,2,0,0,2.87,3.3,2.4,2.7,3.2,2.45,,,,2.86,3.33,2.56,2.88,3.2,2.38,2.9,3.3,2.45,33,3,2.78,3.4,3.19,2.56,2.41,32,2.1,2.02,1.82,1.75,14,0.25,1.81,1.72,2.2,2.08,3.74,3.48,2.09
EC,18/08/2018,Bromley,Gateshead,1,0,H,0,0,D,S Lucas,2,1,0,0,2.04,3.4,3.5,2.1,3.3,3.2,2.1,3.25,3.15,2.13,3.63,3.39,2.1,3.3,3.3,2.1,3.4,3.5,36,2.15,2.06,3.63,3.36,3.5,3.26,35,1.91,1.77,2.08,1.98,15,-0.25,1.86,1.79,2.08,2,2.64,3.48,2.73
EC,18/08/2018,Eastleigh,Wrexham,1,3,A,0,2,A,C Brook,1,1,1,0,2.87,3.3,2.4,2.9,3.25,2.3,2.85,3.2,2.3,2.88,3.22,2.61,2.9,3.1,2.4,2.9,3.25,2.45,35,2.94,2.8,3.3,3.14,2.61,2.42,34,2.19,2.1,1.76,1.68,15,0.25,1.8,1.71,2.22,2.08,2.48,3.26,3.09
EC,18/08/2018,Fylde,Dover Athletic,4,0,H,1,0,H,D Middleton,1,0,0,0,1.85,3.6,4,1.75,3.6,4.2,,,,1.89,3.68,4.16,1.91,3.6,3.6,1.9,3.6,3.9,36,1.94,1.84,3.75,3.49,4.2,3.85,35,1.82,1.76,2.08,1.99,14,-0.5,1.95,1.88,1.98,1.91,2.16,3.52,3.49
EC,18/08/2018,Halifax,Dag and Red,2,1,H,1,1,D,L Doughty,0,0,0,0,1.75,3.75,4.33,1.7,3.6,4.5,1.65,3.75,4.35,1.82,3.59,4.7,1.8,3.5,4.2,1.8,3.7,4.3,36,1.85,1.76,3.75,3.54,4.75,4.26,35,1.91,1.8,2.04,1.94,15,-0.75,2.09,2.01,1.85,1.77,1.84,3.67,4.6
EC,18/08/2018,Hartlepool,Maidenhead,2,1,H,0,0,D,S Mather,2,0,0,0,2.37,3.4,2.87,2.25,3.3,2.9,2.4,3.25,2.7,2.4,3.58,2.9,2.38,3.3,2.8,2.38,3.4,2.9,36,2.46,2.32,3.58,3.29,3,2.82,35,2.01,1.92,1.94,1.82,15,-0.25,2.11,2.03,1.84,1.77,2.13,3.78,3.31
EC,18/08/2018,Leyton Orient,Boreham Wood,1,0,H,0,0,D,C Pollard,1,3,0,0,1.9,3.4,4,1.83,3.5,3.9,1.8,3.5,3.8,1.98,3.38,4.19,2,3.3,3.6,1.95,3.4,3.9,36,2,1.91,3.6,3.31,4.19,3.79,35,2.11,1.99,1.9,1.75,14,-0.5,2,1.94,1.91,1.85,2.37,3.13,3.41
EC,18/08/2018,Maidstone,Barrow,1,0,H,1,0,H,P Howard,1,2,0,0,2.2,3.5,3.1,2.15,3.2,3.2,,,,2.39,3.16,3.27,2.15,3.25,3.25,2.25,3.4,3.13,36,2.39,2.22,3.5,3.18,3.6,3.07,35,2.06,1.96,1.85,1.79,15,-0.25,2.04,1.95,1.91,1.84,2.35,3.36,3.22
EC,18/08/2018,Salford,Chesterfield,3,2,H,1,1,D,M Edwards,2,0,0,0,2.1,3.4,3.4,2.1,3.25,3.25,2.1,3.2,3.2,2.17,3.52,3.38,2.15,3.3,3.2,2.15,3.4,3.3,36,2.19,2.1,3.52,3.33,3.4,3.21,35,1.91,1.82,2.01,1.92,16,-0.25,1.9,1.85,2.01,1.94,2.25,3.54,3.28
EC,18/08/2018,Solihull,Sutton,2,2,D,0,1,A,G Rhodes,4,2,0,0,2.6,3.3,2.62,2.4,3.25,2.75,2.35,3.25,2.75,2.63,3.33,2.78,2.6,3.2,2.62,2.6,3.3,2.7,36,2.63,2.51,3.35,3.2,2.8,2.64,35,2.1,2,1.82,1.76,15,0,1.91,1.86,1.99,1.93,2.65,3.3,2.84
EC,25/08/2018,Barrow,Braintree Town,1,0,H,1,0,H,J Oldham,1,0,0,0,1.83,3.6,4.2,1.8,3.6,3.9,1.75,3.55,3.9,1.85,4.02,3.98,1.75,4,3.9,1.8,3.7,4.2,38,1.85,1.79,4.02,3.64,4.2,3.91,35,1.91,1.83,2.01,1.91,14,-0.5,1.86,1.81,2.06,1.99,1.71,3.93,5.15
EC,25/08/2018,Boreham Wood,Halifax,2,1,H,0,0,D,T Reeves,3,2,0,0,2.2,3.25,3.3,2.2,3.2,3.1,2.2,3.05,3.1,2.33,3.26,3.32,2.2,3.3,3.1,2.25,3.25,3.25,38,2.33,2.22,3.3,3.14,3.32,3.11,33,2.27,2.13,1.7,1.65,15,-0.25,1.99,1.92,1.93,1.87,1.99,3.51,4.09
EC,25/08/2018,Chesterfield,Barnet,0,1,A,0,0,D,D Rock,0,1,0,0,2.1,3.4,3.4,2.05,3.4,3.2,2.05,3.25,3.35,2.13,3.4,3.62,2.05,3.5,3.25,2.1,3.4,3.5,38,2.2,2.07,3.5,3.3,3.62,3.31,35,2,1.94,1.9,1.81,15,-0.25,1.86,1.8,2.04,1.99,2.2,3.27,3.66
EC,25/08/2018,Dag and Red,Hartlepool,1,2,A,1,0,H,S Allison,1,0,0,0,2.37,3.4,2.87,2.5,3.4,2.55,2.45,3.2,2.65,2.62,3.42,2.73,2.4,3.4,2.7,2.5,3.4,2.75,38,2.62,2.45,3.45,3.28,2.87,2.67,35,1.96,1.87,1.95,1.87,15,0,1.89,1.81,2.06,1.98,2.64,3.52,2.71
EC,25/08/2018,Dover Athletic,Eastleigh,1,2,A,0,2,A,W Finnie,0,3,0,0,2,3.5,3.6,2,3.4,3.4,2,3.35,3.35,2.13,3.47,3.55,2.05,3.5,3.25,2.05,3.5,3.5,38,2.13,2.02,3.5,3.36,3.6,3.35,35,1.92,1.82,2.03,1.92,14,-0.5,2.11,2.03,1.82,1.76,2.27,3.37,3.39
EC,25/08/2018,Ebbsfleet,Aldershot,3,1,H,1,1,D,J Hull,0,1,0,0,1.95,3.5,3.8,2,3.3,3.5,1.95,3.3,3.55,1.99,3.68,3.75,1.91,3.7,3.5,2.05,3.4,3.6,37,2.05,1.96,3.7,3.38,3.8,3.52,34,2.08,1.99,1.86,1.76,13,-0.25,1.8,1.72,2.18,2.06,2.01,3.65,3.84
EC,25/08/2018,Gateshead,Leyton Orient,1,1,D,0,0,D,G Hart,2,0,0,1,2.5,3.4,2.7,2.45,3.4,2.6,2.5,3.2,2.6,2.63,3.4,2.73,2.5,3.4,2.6,2.55,3.4,2.7,38,2.63,2.49,3.4,3.27,2.8,2.63,35,2,1.94,1.88,1.8,15,0,1.91,1.86,2,1.92,2.61,3.54,2.72
EC,25/08/2018,Harrogate,Solihull,3,1,H,1,1,D,L Doughty,1,1,0,0,2.1,3.4,3.4,2.1,3.4,3.1,2.05,3.25,3.3,2.13,3.48,3.5,2.05,3.5,3.25,2.1,3.5,3.4,38,2.17,2.07,3.5,3.34,3.5,3.23,35,1.96,1.86,1.97,1.88,15,-0.25,1.88,1.82,2.03,1.97,2.31,3.61,3.08
EC,25/08/2018,Havant & Waterlooville,Salford,1,1,D,1,1,D,P Howard,3,1,0,0,2.54,3.5,2.6,2.35,3.5,2.65,2.45,3.3,2.55,2.6,3.66,2.63,2.45,3.5,2.6,2.55,3.5,2.63,34,2.61,2.48,3.66,3.41,2.65,2.56,32,1.76,1.7,2.25,2.08,15,0,1.93,1.87,1.97,1.91,2.44,3.48,2.98
EC,25/08/2018,Maidenhead,Maidstone,3,2,H,1,1,D,S Purkiss,0,3,0,0,2.2,3.4,3.2,2.2,3.4,2.9,2.15,3.3,3,2.3,3.54,3.07,2.2,3.6,2.9,2.25,3.4,3.1,37,2.33,2.21,3.6,3.34,3.2,2.96,35,1.99,1.88,1.94,1.85,16,-0.25,2,1.94,1.91,1.85,2.51,3.41,2.92
EC,25/08/2018,Sutton,Fylde,0,0,D,0,0,D,D Bourne,1,3,0,0,2.1,3.6,3.25,2.2,3.4,2.9,2.1,3.35,3.1,2.18,3.65,3.23,2.1,3.7,3,2.15,3.5,3.25,38,2.2,2.11,3.7,3.41,3.32,3.09,35,1.9,1.81,2.03,1.93,15,-0.25,1.92,1.85,2,1.93,2.16,3.7,3.31
EC,25/08/2018,Wrexham,Bromley,2,2,D,1,0,H,A Miller,3,1,0,0,1.83,3.4,4.5,1.85,3.3,4,1.8,3.3,4.2,1.84,3.62,4.5,1.75,3.7,4.2,1.85,3.5,4.33,38,1.9,1.82,3.7,3.38,4.5,4.12,33,2.2,2.1,1.75,1.68,14,-0.5,1.9,1.83,2.03,1.96,2.29,3.18,3.55
EC,27/08/2018,Aldershot,Sutton,2,1,H,1,0,H,C Brook,1,2,0,1,2.87,3.3,2.4,2.7,3.1,2.5,2.75,3.2,2.35,3.04,3.34,2.46,2.88,3.3,2.4,2.9,3.25,2.45,38,3.04,2.83,3.4,3.19,2.6,2.41,35,2.21,2.04,1.82,1.73,17,0,2.16,2.06,1.85,1.75,3.35,3.54,2.2
EC,27/08/2018,Barnet,Dag and Red,2,1,H,1,1,D,A Quelch,2,2,0,0,1.75,3.5,4.75,1.67,3.6,4.75,1.75,3.45,4.3,1.78,3.77,4.89,1.75,3.6,4.5,1.75,3.7,4.6,38,1.83,1.74,3.9,3.55,4.89,4.44,35,2.01,1.92,1.93,1.83,14,-0.75,2.04,1.98,1.87,1.81,1.79,3.74,4.86
EC,27/08/2018,Braintree Town,Maidenhead,0,2,A,0,2,A,D Bourne,0,0,0,0,3.3,3.5,2.1,3,3.2,2.25,3.1,3.25,2.1,3.32,3.58,2.2,3.1,3.6,2.15,3.2,3.4,2.2,38,3.32,3.11,3.6,3.34,2.35,2.16,35,1.98,1.9,1.96,1.85,16,0,2.42,2.31,1.65,1.59,3.41,3.64,2.14
EC,27/08/2018,Bromley,Havant & Waterlooville,4,0,H,2,0,H,J Smith,2,4,0,0,2.2,3.4,3.2,2.15,3.2,3.2,2.15,3.3,3,2.31,3.48,3.2,2.2,3.6,3,2.2,3.5,3.1,34,2.31,2.21,3.65,3.37,3.2,3.03,32,1.87,1.79,2.05,1.97,16,-0.25,2,1.94,1.93,1.86,2.37,3.45,3.11
EC,27/08/2018,Eastleigh,Ebbsfleet,0,1,A,0,1,A,L Wood,1,1,1,0,2.62,3.4,2.54,2.5,3.25,2.6,2.55,3.25,2.5,2.73,3.53,2.61,2.6,3.4,2.6,2.63,3.4,2.6,37,2.76,2.58,3.53,3.3,2.7,2.56,34,1.97,1.9,1.96,1.85,17,0,1.99,1.92,1.93,1.87,2.96,3.71,2.35
EC,27/08/2018,Fylde,Harrogate,0,0,D,0,0,D,A Miller,2,3,0,0,2.1,3.5,3.3,1.95,3.3,3.6,2,3.35,3.3,2.12,3.51,3.64,2.1,3.4,3.3,2.05,3.7,3.25,37,2.12,2.04,3.7,3.43,3.64,3.29,34,1.73,1.66,2.27,2.14,15,-0.5,2.12,2.05,1.81,1.76,2.26,3.51,3.3
EC,27/08/2018,Halifax,Gateshead,1,0,H,1,0,H,P Gibbons,0,2,0,0,2.1,3.5,3.25,1.95,3.4,3.5,2.05,3.2,3.3,2.2,3.35,3.57,2.1,3.25,3.5,2.1,3.4,3.4,38,2.2,2.08,3.55,3.29,3.57,3.34,35,2.06,1.97,1.87,1.78,15,-0.5,2.2,2.11,1.78,1.71,2.33,3.33,3.29
EC,27/08/2018,Hartlepool,Chesterfield,1,0,H,1,0,H,J Hull,2,2,0,0,2.75,3.4,2.45,2.75,3.25,2.4,2.6,3.15,2.5,2.76,3.41,2.66,2.7,3.4,2.5,2.75,3.3,2.55,38,2.83,2.66,3.41,3.24,2.66,2.5,35,2.04,1.95,1.9,1.8,16,0,2.04,1.94,1.92,1.84,2.81,3.46,2.58
EC,27/08/2018,Leyton Orient,Dover Athletic,3,0,H,0,0,D,A Dale,2,2,0,0,1.75,3.5,4.75,1.8,3.3,4.25,1.75,3.45,4.15,1.83,3.7,4.55,1.8,3.6,4.33,1.8,3.6,4.5,38,1.84,1.78,3.7,3.48,4.75,4.31,35,1.98,1.89,1.96,1.86,15,-0.5,1.84,1.78,2.11,2.03,1.85,3.65,4.5
EC,27/08/2018,Maidstone,Boreham Wood,1,2,A,1,0,H,W Finnie,0,2,0,0,2.87,3.4,2.37,2.75,3.3,2.35,2.8,3.15,2.35,3.04,3.42,2.43,2.9,3.3,2.4,2.88,3.3,2.45,38,3.04,2.83,3.42,3.24,2.5,2.38,35,2.11,2,1.9,1.76,17,0,2.19,2.07,1.81,1.74,3.07,3.44,2.4
EC,27/08/2018,Salford,Barrow,3,1,H,1,1,D,R Welch,3,2,0,0,1.75,3.75,4.33,1.8,3.5,4,1.75,3.55,4.05,1.83,3.83,4.45,1.75,3.7,4.33,1.8,3.75,4.33,38,1.84,1.78,3.84,3.62,4.45,4.1,35,1.83,1.77,2.09,1.99,15,-0.5,1.84,1.78,2.09,2.03,1.76,3.94,4.71
EC,27/08/2018,Solihull,Wrexham,1,0,H,0,0,D,S Lucas,2,1,0,0,2.2,3.3,3.1,2.4,3.2,2.8,2.25,3.1,3,2.31,3.45,3.22,2.3,3.4,3,2.3,3.25,3.1,38,2.45,2.3,3.45,3.2,3.22,2.99,32,2.2,2.1,1.75,1.68,16,0,1.75,1.66,2.33,2.19,2.3,3.51,3.19
EC,01/09/2018,Barrow,Solihull,1,2,A,0,0,D,J Hull,0,2,0,0,2.3,3.5,2.9,2.25,3.3,2.9,2.3,3.2,2.85,2.45,3.37,2.98,2.4,3.4,2.8,2.45,3.3,2.88,34,2.48,2.35,3.5,3.25,3,2.85,30,2.03,1.93,1.88,1.81,13,0,1.79,1.73,2.2,2.07,2.74,3.53,2.6
EC,01/09/2018,Boreham Wood,Braintree Town,1,1,D,1,0,H,,1,2,0,0,1.53,3.8,6.5,1.53,3.8,5.75,1.5,3.85,5.75,1.53,4.23,6.73,1.5,4.33,6,1.53,4,6.25,35,1.57,1.51,4.33,3.91,6.73,5.95,30,1.98,1.9,1.91,1.84,15,-1,1.98,1.92,1.93,1.87,1.47,4.49,7.63
EC,01/09/2018,Chesterfield,Leyton Orient,0,1,A,0,0,D,,1,0,0,0,2.3,3.4,3,2.3,3.2,2.9,2.3,3.1,2.95,2.44,3.23,3.12,2.4,3.3,2.9,2.38,3.25,3,36,2.47,2.32,3.4,3.16,3.25,2.95,30,2.17,2.06,1.73,1.7,15,0,1.72,1.67,2.3,2.13,2.46,3.33,3.07
EC,01/09/2018,Dag and Red,Salford,0,0,D,0,0,D,,0,0,0,1,3.75,3.6,1.9,3.2,3.5,2.05,3.45,3.45,1.9,3.56,3.89,1.99,3.4,3.8,1.95,3.5,3.6,2,35,3.75,3.39,3.89,3.53,2.05,1.96,31,1.82,1.76,2.07,1.98,13,0.5,1.87,1.83,2.03,1.97,3.6,3.91,2
EC,01/09/2018,Dover Athletic,Barnet,1,2,A,0,2,A,,1,0,0,0,2.5,3.4,2.7,2.55,3.3,2.55,2.45,3.2,2.65,2.58,3.47,2.75,2.5,3.4,2.7,2.55,3.4,2.7,34,2.61,2.49,3.47,3.25,2.75,2.63,31,2.02,1.93,1.9,1.81,13,0,1.91,1.85,2.01,1.94,2.8,3.47,2.57
EC,01/09/2018,Ebbsfleet,Fylde,1,3,A,0,0,D,T Reeves,1,1,0,0,1.9,3.8,3.8,2,3.6,3.2,1.95,3.4,3.45,2.04,3.74,3.52,1.95,3.75,3.5,2,3.5,3.6,33,2.05,1.96,3.8,3.48,3.8,3.45,30,1.98,1.9,1.93,1.84,12,-0.5,2.05,1.99,1.9,1.81,2.14,3.72,3.35
EC,01/09/2018,Gateshead,Maidstone,1,0,H,0,0,D,D Middleton,1,3,1,1,2.1,3.4,3.4,1.95,3.4,3.5,2.05,3.25,3.25,2.14,3.57,3.41,2.1,3.6,3.2,2.1,3.5,3.3,34,2.17,2.06,3.6,3.35,3.5,3.27,30,1.9,1.83,1.99,1.91,13,-0.25,1.89,1.83,2.02,1.96,1.78,3.99,4.52
EC,01/09/2018,Harrogate,Eastleigh,4,0,H,1,0,H,D Bourne,0,0,0,0,1.9,3.6,3.8,1.95,3.4,3.5,1.9,3.5,3.5,1.97,3.81,3.7,1.91,3.7,3.5,1.95,3.5,3.8,35,1.99,1.91,3.81,3.54,3.85,3.55,30,1.78,1.68,2.19,2.09,13,-0.5,2,1.92,1.96,1.88,1.85,3.97,4.14
EC,01/09/2018,Havant & Waterlooville,Hartlepool,1,2,A,0,1,A,,1,2,0,0,2.04,3.4,3.5,2.05,3.3,3.3,2,3.3,3.35,2.16,3.49,3.45,2.1,3.5,3.3,2.05,3.5,3.5,33,2.16,2.05,3.5,3.35,3.51,3.32,31,1.97,1.86,1.95,1.88,13,-0.25,1.86,1.79,2.08,2.01,2.18,3.39,3.6
EC,01/09/2018,Maidenhead,Bromley,2,2,D,1,0,H,P Howard,2,3,0,0,2.2,3.5,3.1,2.3,3.4,2.75,2.25,3.3,2.85,2.31,3.66,3.01,2.3,3.5,2.88,2.3,3.5,2.9,35,2.37,2.26,3.66,3.38,3.1,2.86,31,1.81,1.73,2.17,2.02,14,-0.25,2.07,1.96,1.81,1.78,2.47,3.6,2.86
EC,01/09/2018,Sutton,Halifax,1,1,D,0,0,D,M Edwards,1,4,0,0,1.85,3.6,4,1.87,3.5,3.75,1.9,3.25,3.8,1.97,3.42,4.19,1.91,3.5,3.9,1.9,3.5,4,36,1.99,1.9,3.6,3.35,4.19,3.83,32,2.13,2.02,1.82,1.73,14,-0.5,1.99,1.9,1.96,1.89,1.81,3.74,4.72
EC,01/09/2018,Wrexham,Aldershot,2,0,H,0,0,D,G Hart,1,2,0,0,2.04,3.4,3.5,1.95,3.3,3.6,2,3.2,3.55,2.07,3.36,3.85,2,3.5,3.6,2.05,3.3,3.7,35,2.09,2,3.5,3.25,3.85,3.56,31,2.25,2.12,1.73,1.67,13,-0.5,2.08,2.02,1.83,1.78,1.98,3.5,4.14
EC,04/09/2018,Boreham Wood,Chesterfield,1,0,H,1,0,H,S Allison,2,3,0,0,2.2,3.4,3.2,2.1,3.25,3.25,2.2,3.1,3.15,2.32,3.36,3.28,2.3,3.4,3,2.3,3.25,3.2,39,2.32,2.2,3.5,3.22,3.4,3.17,35,2.27,2.15,1.71,1.65,18,-0.25,2.01,1.94,1.91,1.85,2.43,3.12,3.33
EC,04/09/2018,Bromley,Barnet,0,1,A,0,1,A,C Brook,2,2,0,1,2.5,3.3,2.8,2.4,3.2,2.75,2.45,3.2,2.65,2.57,3.44,2.83,2.5,3.4,2.7,2.55,3.4,2.7,40,2.6,2.47,3.44,3.27,2.88,2.69,37,2,1.91,1.93,1.84,19,0,1.89,1.82,2.05,1.98,2.67,3.34,2.79
EC,04/09/2018,Dag and Red,Braintree Town,1,0,H,0,0,D,P Howard,0,1,0,0,1.72,3.6,4.75,1.78,3.4,4.33,1.7,3.55,4.4,1.75,3.94,4.8,1.75,3.9,4.33,1.75,3.7,4.6,39,1.85,1.74,3.94,3.6,4.8,4.35,36,2,1.88,1.96,1.86,17,-0.75,2.03,1.96,1.89,1.83,1.71,3.9,5.14
EC,04/09/2018,Dover Athletic,Ebbsfleet,1,1,D,1,1,D,S Purkiss,3,1,0,0,2.87,3.4,2.4,2.6,3.25,2.5,2.85,3.2,2.3,3.01,3.46,2.43,2.8,3.5,2.38,2.9,3.4,2.4,38,3.02,2.83,3.5,3.28,2.5,2.36,35,2.02,1.94,1.89,1.81,17,0,2.21,2.1,1.81,1.71,3.68,3.57,2.08
EC,04/09/2018,Fylde,Salford,0,2,A,0,1,A,G Rhodes,1,2,0,0,2.3,3.6,2.87,2.25,3.4,2.85,2.2,3.4,2.85,2.35,3.67,2.99,2.38,3.6,2.75,2.3,3.6,2.88,38,2.38,2.26,3.67,3.46,3,2.85,35,1.74,1.69,2.25,2.09,17,0,1.73,1.68,2.26,2.14,2.25,3.73,3.13
EC,04/09/2018,Gateshead,Harrogate,2,3,A,1,1,D,J Oldham,1,1,0,0,2.37,3.5,2.8,2.25,3.3,2.9,2.3,3.25,2.8,2.43,3.46,3.01,2.45,3.5,2.7,2.4,3.4,2.88,40,2.45,2.34,3.5,3.32,3.03,2.84,37,1.98,1.88,1.94,1.86,18,0,1.79,1.73,2.18,2.08,2.63,3.4,2.79
EC,04/09/2018,Hartlepool,Barrow,0,0,D,0,0,D,D Bourne,1,3,0,0,1.9,3.75,3.75,2,3.3,3.5,1.9,3.4,3.5,1.98,3.79,3.78,1.95,3.75,3.5,1.95,3.6,3.75,39,2.02,1.94,3.79,3.49,3.86,3.54,36,1.96,1.86,2.01,1.89,17,-0.25,1.76,1.7,2.21,2.12,2.07,3.57,3.69
EC,04/09/2018,Leyton Orient,Solihull,3,0,H,1,0,H,J Smith,2,4,0,1,1.95,3.6,3.6,1.95,3.3,3.6,1.9,3.3,3.65,2,3.56,3.99,2,3.5,3.6,1.95,3.5,3.8,40,2,1.94,3.75,3.4,4.06,3.7,37,2.03,1.95,1.9,1.8,18,-0.5,2.01,1.94,1.95,1.86,1.83,3.86,4.4
EC,04/09/2018,Maidenhead,Eastleigh,2,0,H,2,0,H,A Quelch,1,1,0,0,2.04,3.75,3.25,2,3.4,3.4,2,3.45,3.25,2.1,3.79,3.41,2.05,3.7,3.25,2.05,3.7,3.4,39,2.15,2.01,3.9,3.55,3.6,3.29,36,1.77,1.69,2.17,2.08,17,-0.5,2.11,2.04,1.83,1.77,2.19,3.68,3.28
EC,04/09/2018,Maidstone,Sutton,0,1,A,0,1,A,T Reeves,2,2,0,0,3.3,3.5,2.1,3.25,3.25,2.1,3.25,3.25,2.05,3.45,3.54,2.17,3.3,3.5,2.1,3.4,3.4,2.1,39,3.54,3.26,3.54,3.33,2.19,2.1,36,2.05,1.98,1.87,1.77,18,0.25,2.04,1.97,1.89,1.83,3.75,3.56,2.06
EC,04/09/2018,Wrexham,Halifax,0,0,D,0,0,D,J Hull,0,0,0,0,1.95,3.4,3.9,2,3.3,3.5,1.95,3.2,3.7,2.04,3.44,3.97,2,3.4,3.7,1.95,3.4,3.9,39,2.05,1.97,3.5,3.3,4.08,3.71,36,2.17,2.07,1.75,1.7,17,-0.5,2.05,1.97,1.89,1.83,2.02,3.34,4.2
EC,05/09/2018,Havant & Waterlooville,Aldershot,2,1,H,1,0,H,R Hulme,0,2,0,0,1.95,3.5,3.75,1.95,3.4,3.5,2,3.3,3.45,2.08,3.45,3.71,2.1,3.4,3.4,2.05,3.4,3.6,37,2.11,2.02,3.5,3.31,3.75,3.47,36,2.1,2,1.82,1.76,15,-0.25,1.81,1.74,2.11,2.05,2.28,3.23,3.52
EC,08/09/2018,Aldershot,Bromley,3,2,H,1,2,A,C Pollard,5,2,0,0,2.4,3.5,2.8,2.4,3.25,2.7,2.45,3.15,2.65,2.59,3.44,2.81,2.5,3.4,2.7,2.55,3.3,2.7,39,2.59,2.46,3.5,3.23,2.81,2.68,35,2.05,1.97,1.87,1.77,17,0,1.89,1.82,2.03,1.97,2.55,3.49,2.83
EC,08/09/2018,Barnet,Maidenhead,1,0,H,1,0,H,J Smith,0,1,0,0,1.75,3.75,4.5,1.7,3.7,4.4,1.7,3.5,4.35,1.78,3.73,4.93,1.8,3.8,4,1.8,3.7,4.33,39,1.83,1.74,3.9,3.59,4.93,4.34,36,2,1.88,1.96,1.85,16,-0.75,2.11,2,1.87,1.79,1.77,3.68,5.11
EC,08/09/2018,Barrow,Dag and Red,0,1,A,0,0,D,M Edwards,4,3,0,0,1.9,3.5,4,1.95,3.3,3.7,1.85,3.3,3.8,1.95,3.61,4.09,1.91,3.5,3.9,1.9,3.5,4.1,39,1.95,1.89,3.61,3.39,4.1,3.8,34,2.1,1.95,1.89,1.79,16,-0.5,1.96,1.88,1.98,1.91,1.98,3.69,3.88
EC,08/09/2018,Braintree Town,Wrexham,0,1,A,0,0,D,W Finnie,0,4,0,0,4.33,3.6,1.8,3.9,3.4,1.85,4.25,3.4,1.75,4.35,3.83,1.85,4.33,3.8,1.75,4.6,3.5,1.8,39,4.6,4.15,3.83,3.53,1.85,1.79,35,2.2,2.11,1.75,1.67,16,0.5,2.11,2,1.86,1.79,4.75,3.75,1.8
EC,08/09/2018,Chesterfield,Dover Athletic,0,0,D,0,0,D,L Doughty,3,3,0,1,1.72,3.75,4.5,1.72,3.5,4.5,1.7,3.45,4.65,1.77,3.67,5.13,1.8,3.7,4.2,1.8,3.5,4.5,39,1.81,1.73,3.75,3.5,5.13,4.48,36,2.1,2.02,1.81,1.73,16,-0.75,2.11,1.99,1.87,1.79,1.83,3.56,4.89
EC,08/09/2018,Eastleigh,Fylde,0,0,D,0,0,D,P Howard,2,0,0,0,2.87,3.4,2.37,2.7,3.4,2.35,2.65,3.3,2.35,2.8,3.67,2.48,2.7,3.6,2.4,2.7,3.5,2.5,39,2.87,2.69,3.67,3.37,2.5,2.39,36,1.85,1.76,2.12,1.98,16,0,2.07,1.99,1.86,1.8,2.83,3.77,2.41
EC,08/09/2018,Ebbsfleet,Gateshead,0,1,A,0,1,A,D Rock,0,0,0,0,1.85,3.75,3.8,1.91,3.5,3.5,1.85,3.3,3.9,1.94,3.53,4.12,1.91,3.5,3.9,1.9,3.4,4.2,37,1.95,1.89,3.75,3.4,4.2,3.77,34,2.1,2.02,1.81,1.73,16,-0.5,1.96,1.89,1.99,1.91,1.93,3.55,4.28
EC,08/09/2018,Halifax,Leyton Orient,1,1,D,0,0,D,S Mather,2,0,0,0,2.75,3.4,2.45,2.75,3.2,2.4,2.75,3.1,2.4,2.93,3.42,2.51,2.75,3.4,2.45,2.88,3.2,2.5,39,2.93,2.77,3.42,3.19,2.55,2.43,35,2.25,2.14,1.72,1.65,17,0,2.1,2.02,1.83,1.77,3.02,3.52,2.39
EC,08/09/2018,Harrogate,Havant & Waterlooville,3,2,H,1,1,D,J Hull,2,0,0,0,1.85,3.6,4.2,1.9,3.5,3.6,1.8,3.55,3.7,1.9,3.84,4.07,1.85,3.9,3.75,1.87,3.7,3.9,36,1.91,1.85,3.9,3.57,4.2,3.73,33,1.83,1.75,2.1,2,15,-0.5,1.92,1.85,2,1.93,1.78,4.11,4.43
EC,08/09/2018,Salford,Maidstone,1,0,H,0,0,D,G Hart,0,1,0,0,1.53,4.2,5.75,1.53,4.1,5.25,1.5,3.95,5.5,1.56,4.33,6.28,1.55,4.2,5.5,1.55,4.1,5.75,39,1.57,1.52,4.33,4.01,6.28,5.57,36,1.85,1.78,2.06,1.96,18,-1,2.01,1.94,1.9,1.84,1.46,4.74,7.24
EC,08/09/2018,Solihull,Hartlepool,0,1,A,0,0,D,R Hulme,2,2,1,0,2.37,3.4,2.87,2.3,3.25,2.85,2.3,3.1,2.95,2.35,3.34,3.24,2.3,3.5,2.9,2.38,3.25,3,39,2.45,2.32,3.5,3.19,3.24,2.94,35,2.2,2.08,1.76,1.68,17,-0.25,2.06,1.99,1.88,1.8,2.2,3.4,3.52
EC,15/09/2018,Boreham Wood,Barrow,1,1,D,0,0,D,C Brook,2,0,0,0,1.9,3.5,4,1.85,3.5,3.8,1.85,3.3,3.8,1.96,3.64,4.04,1.91,3.6,3.8,1.9,3.5,4,37,1.98,1.89,3.64,3.41,4.04,3.81,36,2.08,2.01,1.83,1.75,18,-0.5,1.96,1.9,1.97,1.9,1.83,3.86,4.38
EC,15/09/2018,Bromley,Salford,0,2,A,0,1,A,A Quelch,2,1,1,0,3,3.4,2.3,2.9,3.4,2.2,2.85,3.25,2.25,3.01,3.6,2.37,2.8,3.5,2.38,2.88,3.4,2.38,37,3.01,2.86,3.6,3.36,2.39,2.29,35,1.9,1.8,2.1,1.96,18,0.25,1.85,1.79,2.08,2.01,3.24,3.69,2.21
EC,15/09/2018,Dag and Red,Chesterfield,1,1,D,0,1,A,G Rhodes,0,1,0,0,3.1,3.5,2.25,2.85,3.4,2.25,3,3.25,2.2,3.2,3.56,2.28,2.9,3.5,2.3,3,3.4,2.3,36,3.2,2.94,3.56,3.33,2.38,2.25,34,2,1.92,1.9,1.83,18,0.25,1.92,1.83,2.04,1.97,3.89,3.44,2.06
EC,15/09/2018,Dover Athletic,Solihull,0,2,A,0,0,D,D Rock,1,2,0,0,2.4,3.4,2.8,2.55,3.4,2.5,2.4,3.2,2.7,2.56,3.42,2.86,2.5,3.4,2.7,2.5,3.4,2.75,37,2.6,2.46,3.42,3.25,2.86,2.69,35,2,1.92,1.91,1.83,18,0,1.86,1.8,2.06,1.99,2.53,3.37,2.93
EC,15/09/2018,Fylde,Aldershot,3,0,H,2,0,H,M Edwards,1,1,0,0,1.72,3.75,4.5,1.7,3.7,4.33,1.7,3.6,4.15,1.8,3.86,4.56,1.75,3.8,4.33,1.75,3.8,4.4,37,1.8,1.74,3.86,3.67,4.61,4.24,33,1.8,1.73,2.1,2.02,17,-0.75,2.05,1.98,1.86,1.81,1.83,3.72,4.57
EC,15/09/2018,Gateshead,Braintree Town,0,1,A,0,0,D,T Reeves,1,4,0,0,1.5,4,7,1.5,4.1,5.5,1.5,3.85,5.5,1.58,4.17,6.22,1.55,4.2,5.5,1.55,4,6,37,1.6,1.52,4.25,3.99,7,5.76,35,1.88,1.79,2.03,1.96,19,-1,2.04,1.94,1.91,1.84,1.58,4.16,6.31
EC,15/09/2018,Hartlepool,Eastleigh,1,1,D,1,0,H,L Doughty,0,3,0,0,1.85,3.6,4.2,1.9,3.4,3.75,1.85,3.45,3.7,1.93,3.75,4,1.85,3.75,3.9,1.9,3.6,3.9,37,2,1.88,3.75,3.51,4.2,3.78,35,1.93,1.84,2.01,1.92,18,-0.5,1.95,1.89,1.97,1.91,2.27,3.37,3.39
EC,15/09/2018,Havant & Waterlooville,Sutton,1,2,A,1,0,H,S Allison,1,2,0,0,2.8,3.4,2.4,2.65,3.4,2.4,2.7,3.3,2.35,2.89,3.45,2.52,2.75,3.4,2.45,2.8,3.4,2.45,35,2.89,2.75,3.45,3.3,2.52,2.41,34,1.95,1.84,2,1.91,19,0,2.11,2.04,1.82,1.77,3.26,3.37,2.33
EC,15/09/2018,Leyton Orient,Barnet,3,1,H,1,1,D,P Gibbons,0,1,0,0,2.1,3.4,3.4,2,3.4,3.4,2.05,3.25,3.35,2.17,3.46,3.44,2.1,3.5,3.3,2.1,3.4,3.5,36,2.2,2.08,3.5,3.34,3.51,3.28,35,2.08,1.98,1.88,1.78,15,-0.5,2.16,2.07,1.8,1.73,2.36,3.32,3.25
EC,15/09/2018,Maidenhead,Halifax,3,0,H,3,0,H,L Wood,0,3,1,0,2.4,3.3,2.87,2.25,3.4,2.85,2.35,3.2,2.8,2.5,3.39,2.96,2.4,3.3,2.88,2.45,3.3,2.88,37,2.5,2.38,3.4,3.24,3,2.84,35,2.08,1.98,1.85,1.78,19,0,1.8,1.75,2.13,2.06,2.41,3.38,3.11
EC,15/09/2018,Maidstone,Harrogate,0,2,A,0,2,A,S Mather,1,1,0,0,3.6,3.6,1.95,3.4,3.5,1.95,3.4,3.35,1.95,3.68,3.66,2.05,3.4,3.7,2,3.7,3.6,1.95,37,3.7,3.47,3.7,3.48,2.05,1.96,35,1.93,1.83,2,1.92,17,0.5,1.9,1.82,2.05,1.97,4.07,3.86,1.89
EC,15/09/2018,Wrexham,Ebbsfleet,4,1,H,4,0,H,D Middleton,1,2,0,0,2.25,3.25,3.2,2.2,3.2,3.1,2.2,3,3.2,2.35,3.19,3.39,2.3,3.25,3.1,2.25,3.2,3.25,36,2.35,2.25,3.3,3.11,3.39,3.13,31,2.41,2.25,1.65,1.59,18,-0.25,2.01,1.94,1.92,1.86,2.58,3.14,3.06
EC,18/09/2018,Sutton,Boreham Wood,0,4,A,0,3,A,D Middleton,4,0,0,0,2.04,3.25,3.75,2.05,3.3,3.3,1.95,3.15,3.8,2.04,3.39,4.04,2.05,3.3,3.7,2.05,3.25,3.8,38,2.09,2.01,3.39,3.19,4.06,3.72,33,2.5,2.32,1.61,1.56,18,-0.25,1.77,1.72,2.19,2.1,2.13,3.21,3.96
EC,22/09/2018,Aldershot,Dover Athletic,2,0,H,1,0,H,G Parsons,0,0,0,0,2,3.5,3.6,2,3.3,3.5,2,3.25,3.4,2.08,3.48,3.62,2.05,3.4,3.5,2.05,3.4,3.6,38,2.09,2.02,3.5,3.35,3.62,3.47,33,2.05,1.96,1.85,1.79,15,-0.5,2.09,2.03,1.83,1.76,2.49,3.22,3.08
EC,22/09/2018,Barnet,Fylde,1,1,D,1,1,D,J Oldham,1,2,0,0,2.14,3.6,3.25,2.15,3.4,3,2.1,3.2,3.15,2.24,3.49,3.21,2.15,3.5,3.2,2.15,3.5,3.25,39,2.29,2.16,3.6,3.35,3.3,3.14,36,2.05,1.96,1.91,1.79,18,-0.25,1.95,1.88,1.99,1.92,2.32,3.43,3.19
EC,22/09/2018,Barrow,Maidenhead,2,0,H,1,0,H,M Woods,1,2,0,0,2,3.5,3.6,2,3.4,3.4,2,3.25,3.35,2.15,3.47,3.44,2.1,3.5,3.3,2.1,3.5,3.4,38,2.16,2.07,3.55,3.36,3.6,3.33,35,2,1.92,1.91,1.83,14,-0.5,2.16,2.06,1.8,1.74,2.58,3.3,2.89
EC,22/09/2018,Braintree Town,Maidstone,0,1,A,0,0,D,J Smith,3,2,0,0,2.6,3.4,2.6,2.55,3.2,2.6,2.55,3,2.65,2.62,3.26,2.81,2.62,3.2,2.7,2.63,3.2,2.75,38,2.64,2.57,3.4,3.13,2.81,2.67,34,2.28,2.17,1.72,1.64,18,0,1.92,1.86,2.01,1.94,2.6,3.31,2.87
EC,22/09/2018,Chesterfield,Gateshead,0,3,A,0,2,A,S Mather,1,1,1,0,1.8,3.75,4.2,1.75,3.5,4.33,1.8,3.3,4.1,1.86,3.51,4.5,1.91,3.5,3.9,1.9,3.5,4.1,38,1.91,1.83,3.75,3.42,4.7,4.09,33,2.15,2.06,1.74,1.7,15,-0.75,2.25,2.14,1.74,1.68,1.92,3.44,4.47
EC,22/09/2018,Eastleigh,Dag and Red,1,0,H,0,0,D,P Gibbons,4,1,1,0,1.95,3.5,3.75,1.95,3.4,3.5,2.05,3.25,3.35,2.16,3.36,3.63,2.1,3.4,3.4,2.05,3.5,3.5,39,2.16,2.05,3.55,3.33,3.75,3.4,34,2,1.94,1.93,1.81,16,-0.5,2.17,2.08,1.76,1.72,1.9,3.73,4.13
EC,22/09/2018,Ebbsfleet,Havant & Waterlooville,1,1,D,1,1,D,W Finnie,0,4,1,0,1.72,3.8,4.5,1.75,3.6,4.2,1.75,3.55,4.1,1.82,3.93,4.19,1.8,3.9,4,1.8,3.75,4.2,36,1.84,1.78,3.93,3.66,4.5,4.06,35,1.86,1.8,2.04,1.95,14,-0.5,1.84,1.8,2.06,2,1.88,3.64,4.35
EC,22/09/2018,Halifax,Hartlepool,1,2,A,0,0,D,D Middleton,1,1,2,0,2.62,3.5,2.5,2.45,3.1,2.75,2.5,3.05,2.65,2.64,3.24,2.81,2.62,3.25,2.62,2.63,3.2,2.75,38,2.65,2.55,3.5,3.15,2.81,2.67,34,2.25,2.16,1.67,1.64,16,0,1.95,1.87,2,1.91,2.74,3.24,2.76
EC,22/09/2018,Harrogate,Leyton Orient,0,3,A,0,2,A,M Edwards,0,3,0,0,2.45,3.5,2.7,2.45,3.3,2.65,2.45,3.25,2.6,2.58,3.48,2.7,2.55,3.4,2.62,2.55,3.4,2.7,39,2.59,2.48,3.55,3.33,3,2.64,36,1.94,1.86,1.96,1.89,16,0,1.9,1.83,2.2,1.96,2.36,3.8,2.86
EC,22/09/2018,Salford,Boreham Wood,3,1,H,2,0,H,A Miller,1,1,0,0,1.83,3.6,4.2,1.83,3.3,4.1,1.8,3.35,4.1,1.84,3.7,4.36,1.83,3.6,4.2,1.8,3.5,4.5,38,1.9,1.82,3.7,3.45,4.5,4.11,34,2.1,2.03,1.81,1.72,14,-0.75,2.17,2.1,1.77,1.7,1.93,3.59,4.2
EC,22/09/2018,Solihull,Bromley,5,0,H,4,0,H,D Bourne,2,2,1,0,1.95,3.6,3.6,1.95,3.4,3.5,1.95,3.35,3.5,1.99,3.66,3.73,1.91,3.7,3.6,2,3.5,3.7,38,2.05,1.97,3.7,3.46,3.73,3.51,35,2.03,1.94,1.91,1.81,15,-0.25,1.78,1.72,2.17,2.08,2.14,3.62,3.43
EC,22/09/2018,Sutton,Wrexham,3,0,H,2,0,H,A Dale,1,2,0,1,2.1,3.5,3.4,2,3.4,3.4,2.05,3.15,3.45,2.12,3.48,3.5,2.15,3.4,3.3,2.15,3.25,3.5,38,2.22,2.09,3.5,3.26,3.6,3.37,33,2.35,2.23,1.65,1.6,15,-0.5,1.85,1.82,2.05,1.98,2.16,3.22,3.8
EC,25/09/2018,Aldershot,Maidstone,0,1,A,0,1,A,D Bourne,0,2,0,0,1.85,3.5,4.2,1.8,3.4,4.1,1.8,3.4,4.05,1.88,3.67,4.35,1.85,3.6,4,1.83,3.6,4.2,38,1.91,1.83,3.67,3.47,4.45,4.06,36,2.02,1.93,1.9,1.82,14,-0.5,1.88,1.83,2.04,1.98,1.91,3.57,4.34
EC,25/09/2018,Barnet,Havant & Waterlooville,2,2,D,1,0,H,P Howard,1,2,0,0,1.8,3.5,4.5,1.78,3.4,4.33,1.75,3.5,4.2,1.83,3.75,4.5,1.8,3.7,4.2,1.8,3.6,4.4,35,1.85,1.79,3.75,3.5,4.61,4.23,34,2.03,1.95,1.9,1.81,14,-0.5,1.83,1.79,2.08,2.03,1.69,3.86,5.35
EC,25/09/2018,Barrow,Gateshead,1,2,A,1,1,D,G Rhodes,0,3,0,0,2.45,3.25,2.9,2.2,3.1,3.2,2.35,3.1,2.85,2.5,3.34,3.01,2.5,3.25,2.8,2.45,3.25,2.9,38,2.54,2.38,3.34,3.18,3.2,2.87,34,2.1,2.03,1.81,1.74,14,-0.25,2.21,2.1,1.78,1.72,2.66,3.42,2.75
EC,25/09/2018,Braintree Town,Leyton Orient,1,5,A,1,2,A,D Rock,2,1,0,0,7.5,3.8,1.5,5.5,3.75,1.55,5.75,3.7,1.5,6.13,4.13,1.58,6,4,1.53,6.5,3.9,1.53,38,7.5,5.97,4.13,3.81,1.63,1.53,34,2.14,2.06,1.79,1.71,14,0.75,2.23,2.15,1.76,1.7,6.58,4.25,1.53
EC,25/09/2018,Chesterfield,Maidenhead,1,3,A,0,2,A,A Miller,2,5,0,0,1.8,3.5,4.5,1.78,3.4,4.25,1.8,3.3,4.1,1.9,3.54,4.44,1.85,3.5,4.2,1.83,3.5,4.4,38,1.9,1.81,3.6,3.4,4.7,4.29,37,2.16,2.04,1.83,1.73,13,-0.75,2.18,2.08,1.78,1.73,1.91,3.53,4.41
EC,25/09/2018,Eastleigh,Boreham Wood,1,0,H,0,0,D,S Yianni,0,1,0,0,2.87,3.3,2.4,2.75,3.2,2.4,2.75,3.1,2.4,2.89,3.31,2.61,2.88,3.2,2.45,2.88,3.2,2.5,38,2.94,2.79,3.31,3.15,2.61,2.45,34,2.25,2.1,1.75,1.69,15,0,2.08,2.03,1.85,1.79,2.89,3.3,2.62
EC,25/09/2018,Ebbsfleet,Bromley,1,2,A,1,2,A,J Oldham,3,4,0,0,1.85,3.4,4.33,1.83,3.3,4.2,1.85,3.4,3.8,1.93,3.65,4.14,1.91,3.6,3.8,1.93,3.5,3.9,37,1.96,1.88,3.65,3.42,4.33,3.88,35,2,1.9,1.95,1.86,14,-0.5,1.97,1.9,1.97,1.91,1.95,3.67,4.04
EC,25/09/2018,Halifax,Fylde,0,0,D,0,0,D,R Welch,1,1,0,0,3.2,3.4,2.2,3.2,3.3,2.1,3,3.25,2.15,3.19,3.58,2.28,3.1,3.4,2.25,3.1,3.4,2.25,38,3.28,3.09,3.58,3.31,2.3,2.19,33,1.99,1.92,1.92,1.84,15,0.25,1.94,1.89,2,1.93,3.87,3.84,1.94
EC,25/09/2018,Harrogate,Wrexham,0,0,D,0,0,D,P Gibbons,1,2,0,0,2.2,3.25,3.3,2.15,3.2,3.2,2.1,3.25,3.1,2.24,3.43,3.41,2.25,3.4,3.1,2.2,3.4,3.2,38,2.29,2.19,3.43,3.27,3.41,3.16,36,2.09,1.97,1.85,1.79,14,-0.25,1.98,1.91,1.98,1.9,2.2,3.45,3.48
EC,25/09/2018,Salford,Hartlepool,3,0,H,0,0,D,M Edwards,1,0,0,0,1.75,3.5,4.75,1.75,3.4,4.4,1.75,3.45,4.2,1.82,3.76,4.57,1.85,3.5,4.2,1.8,3.6,4.4,38,1.88,1.78,3.76,3.51,4.75,4.27,36,1.98,1.9,1.98,1.86,13,-0.75,2.09,2.03,1.83,1.78,1.82,3.74,4.6
EC,25/09/2018,Solihull,Dag and Red,2,0,H,1,0,H,S Mather,2,0,0,0,1.72,3.6,4.75,1.78,3.4,4.33,1.7,3.5,4.3,1.79,3.82,4.68,1.75,3.7,4.4,1.75,3.6,4.5,38,1.83,1.76,3.82,3.53,4.8,4.37,33,1.98,1.9,1.92,1.85,13,-0.75,2.06,1.98,1.85,1.82,1.76,3.9,4.79
EC,25/09/2018,Sutton,Dover Athletic,2,2,D,2,1,H,L Wood,0,3,0,1,1.72,3.6,4.75,1.72,3.4,4.6,1.7,3.5,4.35,1.79,3.75,4.73,1.78,3.6,4.4,1.75,3.6,4.75,38,1.8,1.73,3.8,3.54,4.91,4.51,36,2.02,1.92,1.9,1.83,14,-0.75,2.05,1.97,1.88,1.83,1.65,4.07,5.42
EC,29/09/2018,Boreham Wood,Harrogate,2,4,A,1,1,D,W Finnie,1,3,0,0,2.2,3.4,3.2,2.2,3.3,3,2.15,3.2,3.1,2.24,3.47,3.3,2.25,3.4,3.1,2.25,3.4,3.13,37,2.3,2.2,3.5,3.29,3.35,3.08,34,2.06,1.97,1.86,1.79,18,-0.25,1.99,1.91,1.95,1.87,2.45,3.43,3.03
EC,29/09/2018,Bromley,Halifax,2,2,D,1,0,H,S Purkiss,2,0,0,0,2.1,3.75,3.1,2.15,3.5,2.95,2.05,3.3,3.25,2.14,3.58,3.43,2.1,3.5,3.3,2.1,3.5,3.4,37,2.15,2.09,3.75,3.41,3.5,3.23,34,1.98,1.89,1.95,1.86,18,-0.25,1.85,1.8,2.05,1.98,2,3.78,3.72
EC,29/09/2018,Dag and Red,Ebbsfleet,1,3,A,1,2,A,G Parsons,2,0,1,0,2.87,3.6,2.3,2.8,3.5,2.25,2.85,3.15,2.3,2.99,3.41,2.45,2.9,3.3,2.38,3,3.3,2.38,34,3.1,2.88,3.6,3.29,2.45,2.33,32,2.1,2.02,1.83,1.76,17,0,2.17,2.09,1.76,1.7,3.57,3.66,2.09
EC,29/09/2018,Dover Athletic,Barrow,0,2,A,0,0,D,A Dale,0,0,0,0,2.25,3.5,3,2.2,3.4,2.95,2.25,3.2,2.95,2.39,3.51,3,2.3,3.4,3,2.3,3.4,3,36,2.4,2.27,3.51,3.33,3.15,2.93,33,2.04,1.96,1.91,1.8,17,-0.25,2.06,1.97,1.87,1.81,2.18,3.6,3.39
EC,29/09/2018,Fylde,Braintree Town,3,0,H,1,0,H,P Gibbons,2,2,0,0,1.4,4.5,7.5,1.4,4.6,6.25,1.4,4.3,6.5,1.43,4.64,7.52,1.42,4.6,7,1.4,4.6,8,36,1.45,1.4,4.8,4.46,8,6.99,34,1.78,1.72,2.15,2.05,16,-1,1.71,1.65,2.26,2.15,1.38,5.11,8.19
EC,29/09/2018,Gateshead,Eastleigh,0,1,A,0,0,D,J Smith,1,0,0,0,2.04,3.4,3.6,2.05,3.3,3.3,2.05,3.25,3.25,2.18,3.51,3.39,2.1,3.4,3.4,2.1,3.4,3.5,36,2.2,2.08,3.55,3.33,3.6,3.29,33,2.04,1.95,1.91,1.81,17,-0.25,1.88,1.82,2.05,1.97,1.98,3.69,3.9
EC,29/09/2018,Hartlepool,Aldershot,1,1,D,1,0,H,M Woods,2,1,0,0,1.83,3.5,4.33,1.8,3.4,4.2,1.8,3.25,4.15,1.89,3.45,4.48,1.88,3.4,4.2,1.85,3.5,4.3,37,1.9,1.84,3.55,3.34,4.55,4.17,34,2.15,2.06,1.8,1.72,15,-0.75,2.2,2.11,1.73,1.68,1.93,3.48,4.41
EC,29/09/2018,Havant & Waterlooville,Solihull,0,1,A,0,0,D,A Quelch,2,0,0,0,2.4,3.6,2.7,2.3,3.5,2.7,2.5,3.25,2.55,2.67,3.44,2.69,2.55,3.4,2.62,2.6,3.4,2.63,34,2.67,2.51,3.6,3.34,2.8,2.61,30,1.95,1.86,1.95,1.89,17,0,1.95,1.86,2,1.92,3,3.5,2.43
EC,29/09/2018,Leyton Orient,Sutton,0,1,A,0,0,D,C Brook,0,6,0,0,1.8,3.6,4.5,1.87,3.4,3.9,1.8,3.4,4,1.88,3.72,4.17,1.85,3.6,4,1.85,3.6,4.2,36,1.91,1.85,3.72,3.47,4.5,4,33,2.03,1.96,1.88,1.8,16,-0.5,1.9,1.83,2.02,1.95,2.11,3.51,3.66
EC,29/09/2018,Maidenhead,Salford,0,3,A,0,2,A,S Lucas,1,0,0,0,3,3.6,2.2,3.2,3.5,2.05,2.95,3.3,2.2,3.15,3.54,2.29,3,3.5,2.25,3.2,3.6,2.05,36,3.2,3,3.6,3.39,2.3,2.2,33,1.91,1.84,2.01,1.91,17,0.25,1.93,1.86,1.99,1.93,3.56,3.72,2.07
EC,29/09/2018,Maidstone,Chesterfield,1,1,D,1,0,H,L Wood,0,2,0,0,3.2,3.2,2.3,3,3.2,2.25,3,3.1,2.25,3.2,3.29,2.38,3.1,3.4,2.25,3.2,3.25,2.25,37,3.25,3.04,3.5,3.21,2.4,2.26,32,2.25,2.14,1.72,1.66,17,0.25,1.91,1.83,2.03,1.94,3.58,3.45,2.16
EC,29/09/2018,Wrexham,Barnet,1,0,H,1,0,H,A Miller,1,0,0,0,2.3,3.4,3,2.25,3.25,2.95,2.2,3.05,3.1,2.3,3.28,3.37,2.3,3.25,3.1,2.3,3.2,3.2,36,2.35,2.26,3.4,3.17,3.37,3.09,31,2.41,2.26,1.65,1.59,17,-0.25,2.02,1.95,1.93,1.84,2.33,3.2,3.45
EC,06/10/2018,Aldershot,Halifax,3,0,H,2,0,H,S Allison,1,3,0,0,2.1,3.5,3.3,2.15,3.4,3,2.1,3.2,3.25,2.19,3.43,3.45,2.15,3.4,3.3,2.15,3.3,3.4,34,2.25,2.14,3.5,3.27,3.51,3.22,32,2.11,2.02,1.81,1.74,15,-0.25,1.91,1.83,2.04,1.94,1.96,3.59,4.09
EC,06/10/2018,Barnet,Solihull,2,0,H,0,0,D,G Parsons,1,0,0,0,2.04,3.5,3.4,2,3.4,3.4,2,3.2,3.45,2.08,3.42,3.76,2.1,3.3,3.5,2.05,3.3,3.7,34,2.15,2.05,3.5,3.29,3.76,3.45,32,2.13,2.05,1.8,1.72,14,-0.25,1.83,1.75,2.14,2.02,2.34,3.29,3.33
EC,06/10/2018,Barrow,Sutton,2,1,H,2,0,H,G Hart,2,4,0,0,2.9,3.5,2.3,2.75,3.4,2.3,2.95,3.15,2.25,3.11,3.41,2.37,3,3.3,2.35,3.1,3.3,2.3,34,3.2,2.93,3.5,3.26,2.4,2.3,33,2.11,2.02,1.81,1.74,15,0.25,1.89,1.81,2.05,1.96,3.03,3.44,2.44
EC,06/10/2018,Braintree Town,Eastleigh,1,2,A,0,2,A,A Dale,3,0,0,0,3.8,3.6,1.9,3.4,3.5,1.95,3.75,3.25,1.9,3.89,3.62,1.98,3.7,3.6,1.95,3.9,3.4,1.95,34,4.1,3.69,3.62,3.4,2,1.93,31,2.1,2.04,1.8,1.72,14,0.25,2.23,2.13,1.75,1.66,3.78,3.63,2.04
EC,06/10/2018,Chesterfield,Fylde,0,0,D,0,0,D,J Hull,0,0,0,0,3,3.3,2.37,2.9,3.2,2.3,2.95,3.2,2.25,3.06,3.49,2.36,3,3.4,2.3,3,3.3,2.38,34,3.15,2.93,3.5,3.28,2.4,2.3,33,2.11,2.02,1.82,1.74,14,0.25,1.85,1.78,2.08,1.98,2.47,3.64,2.86
EC,06/10/2018,Dover Athletic,Salford,1,4,A,0,2,A,C Pollard,1,0,0,0,4.75,3.75,1.7,4.25,3.6,1.72,4.25,3.55,1.7,4.56,3.9,1.76,4.33,3.9,1.73,4.75,3.7,1.73,34,4.8,4.31,3.9,3.65,1.8,1.73,31,1.95,1.86,1.99,1.88,13,0.75,1.88,1.82,2.01,1.94,5.07,4.13,1.68
EC,06/10/2018,Ebbsfleet,Harrogate,0,2,A,0,1,A,R Hulme,3,2,0,0,2.3,3.5,2.9,2.25,3.3,2.9,2.3,3.25,2.8,2.43,3.52,2.93,2.35,3.4,2.88,2.3,3.4,3,34,2.45,2.31,3.52,3.32,3.05,2.83,31,2,1.9,1.93,1.84,15,-0.25,2.09,2,1.86,1.78,2.3,3.68,3.07
EC,06/10/2018,Gateshead,Dag and Red,2,0,H,2,0,H,S Lucas,1,1,0,0,1.72,3.75,4.5,1.7,3.7,4.4,1.75,3.4,4.35,1.76,3.76,4.81,1.78,3.7,4.33,1.8,3.6,4.5,34,1.83,1.75,3.8,3.55,4.81,4.34,31,2.05,1.95,1.91,1.79,15,-0.75,2.07,1.99,1.88,1.79,1.61,4.15,5.66
EC,06/10/2018,Hartlepool,Boreham Wood,2,0,H,1,0,H,G Rhodes,3,0,0,0,2.3,3.2,3.1,2.25,3.2,3,2.3,3.05,2.95,2.44,3.22,3.17,2.38,3.2,3,2.38,3.2,3.1,34,2.45,2.32,3.3,3.13,3.2,2.97,30,2.25,2.15,1.7,1.64,15,-0.25,2.07,2,1.84,1.78,2.51,3.18,3.14
EC,06/10/2018,Maidenhead,Leyton Orient,0,2,A,0,2,A,D Bourne,1,1,0,0,3.5,3.6,2,3.1,3.4,2.1,3.3,3.4,2,3.55,3.68,2.06,3.3,3.6,2.05,3.5,3.5,2.05,34,3.6,3.29,3.68,3.43,2.15,2.05,31,1.88,1.8,2.02,1.94,15,0.25,2.11,2.01,1.83,1.76,4.07,3.92,1.88
EC,06/10/2018,Maidstone,Bromley,0,1,A,0,1,A,M Edwards,5,2,0,0,2.5,3.4,2.7,2.45,3.25,2.65,2.55,3.1,2.6,2.73,3.36,2.69,2.62,3.3,2.62,2.63,3.3,2.63,34,2.75,2.56,3.4,3.21,2.75,2.6,33,2.05,1.97,1.86,1.78,14,0,1.98,1.88,1.96,1.89,3.31,3.6,2.22
EC,06/10/2018,Wrexham,Havant & Waterlooville,1,0,H,1,0,H,S Mather,1,1,0,0,1.75,3.75,4.33,1.75,3.6,4.2,1.75,3.4,4.3,1.82,3.71,4.49,1.78,3.6,4.4,1.8,3.6,4.5,32,1.85,1.77,3.75,3.54,4.7,4.23,31,2.11,2.01,1.85,1.76,13,-0.5,1.83,1.75,2.14,2.02,1.75,3.77,5.05
EC,13/10/2018,Boreham Wood,Maidenhead,3,1,H,1,0,H,J Hull,0,2,0,0,1.8,3.5,4.5,1.78,3.4,4.33,1.8,3.35,4.15,1.84,3.64,4.49,1.83,3.6,4.2,1.83,3.5,4.33,36,1.9,1.8,3.65,3.44,4.55,4.19,34,2.06,1.98,1.85,1.77,14,-0.5,1.86,1.8,2.05,1.97,1.97,3.43,4.29
EC,13/10/2018,Bromley,Barrow,2,1,H,1,0,H,P Howard,0,1,0,0,2,3.5,3.6,1.95,3.4,3.5,2,3.3,3.4,2.08,3.59,3.58,2.05,3.5,3.5,2,3.5,3.6,36,2.15,2.01,3.6,3.38,3.65,3.43,34,1.98,1.89,1.92,1.84,14,-0.25,1.79,1.74,2.13,2.03,2.21,3.76,3.19
EC,13/10/2018,Dag and Red,Wrexham,1,2,A,1,1,D,D Rock,0,0,0,0,4,3.6,1.85,3.8,3.4,1.87,4.1,3.2,1.85,4.46,3.35,1.93,4.2,3.4,1.88,4.33,3.4,1.87,35,4.5,4.1,3.6,3.32,1.95,1.86,32,2.3,2.15,1.71,1.65,14,0.5,2,1.92,1.93,1.86,4.78,3.11,1.99
EC,13/10/2018,Eastleigh,Aldershot,1,2,A,1,2,A,C Brook,0,0,0,0,2.2,3.5,3.1,2.15,3.4,3,2.2,3.1,3.15,2.32,3.26,3.34,2.25,3.3,3.2,2.25,3.25,3.25,36,2.35,2.21,3.5,3.21,3.4,3.13,32,2.2,2.11,1.75,1.67,15,-0.25,1.99,1.91,1.93,1.86,2.24,3.48,3.35
EC,13/10/2018,Fylde,Maidstone,2,0,H,0,0,D,M Dicicco,1,2,0,0,1.4,4.2,7.5,1.48,4.25,5.5,1.45,3.95,6,1.44,4.55,7.36,1.5,4.2,6.5,1.45,4.2,7,36,1.55,1.46,4.55,4.13,7.5,6.36,35,1.91,1.81,2.02,1.93,16,-1,1.84,1.76,2.12,2,1.41,4.86,7.87
EC,13/10/2018,Halifax,Chesterfield,1,1,D,0,0,D,M Edwards,1,1,0,0,3,3.25,2.37,3,3.2,2.25,2.95,3.05,2.3,3.04,3.29,2.47,2.9,3.3,2.4,3,3.25,2.4,36,3.2,2.95,3.3,3.16,2.48,2.34,33,2.25,2.14,1.7,1.65,15,0.25,1.83,1.76,2.11,2.02,3.12,3.33,2.4
EC,13/10/2018,Harrogate,Dover Athletic,2,2,D,1,0,H,A Miller,2,3,0,1,1.53,4.2,5.75,1.5,4,5.75,1.55,3.9,5,1.56,4.22,6.01,1.57,4.2,5.25,1.57,4.2,5.5,36,1.6,1.54,4.3,4,6.01,5.41,32,1.7,1.65,2.25,2.14,16,-1,2.02,1.92,1.92,1.84,1.47,4.73,6.83
EC,13/10/2018,Havant & Waterlooville,Gateshead,0,1,A,0,0,D,L Wood,0,1,0,0,3.1,3.4,2.25,2.9,3.2,2.3,2.8,3.15,2.35,2.92,3.39,2.5,3,3.3,2.35,3,3.25,2.38,34,3.1,2.87,3.4,3.22,2.5,2.34,34,2.11,2,1.83,1.76,14,0,2.19,2.09,1.79,1.69,2.88,3.41,2.57
EC,13/10/2018,Leyton Orient,Hartlepool,0,0,D,0,0,D,A Quelch,3,4,1,0,1.72,3.8,4.5,1.7,3.7,4.4,1.7,3.55,4.4,1.77,3.88,4.57,1.78,3.75,4.2,1.8,3.6,4.5,35,1.8,1.73,3.88,3.59,4.8,4.32,34,2.03,1.94,1.88,1.8,12,-0.5,1.81,1.74,2.14,2.04,1.82,3.76,4.57
EC,13/10/2018,Salford,Braintree Town,2,2,D,1,1,D,L Doughty,0,1,0,0,1.22,6.5,11,1.22,5.75,10.5,1.25,5.25,9.25,1.25,5.95,12.21,1.25,5.8,11,1.25,5.75,11.5,35,1.28,1.23,6.5,5.53,12.21,10.28,32,1.6,1.56,2.5,2.32,14,-0.175,2.09,1.98,1.86,1.79,1.23,6.42,13.84
EC,13/10/2018,Solihull,Ebbsfleet,2,1,H,1,0,H,G Hart,3,4,0,0,2.2,3.5,3.1,2.15,3.4,3,2.1,3.2,3.2,2.28,3.41,3.28,2.15,3.4,3.25,2.15,3.4,3.3,36,2.28,2.13,3.5,3.31,3.5,3.18,35,2.08,2,1.85,1.75,16,-0.25,1.95,1.85,2.01,1.92,2.47,3.33,3.07
EC,27/10/2018,Barrow,Barnet,0,2,A,0,2,A,S Lucas,1,1,0,0,2.87,3.25,2.45,2.75,3.1,2.45,2.75,3.1,2.45,2.82,3.33,2.62,2.8,3.25,2.5,2.8,3.25,2.55,35,2.95,2.74,3.33,3.17,2.62,2.46,31,2.2,2.08,1.75,1.69,15,0,2.06,1.97,1.86,1.8,2.82,3.32,2.67
EC,27/10/2018,Boreham Wood,Bromley,2,1,H,1,1,D,S Allison,0,1,0,0,1.95,3.4,3.8,1.95,3.3,3.6,1.9,3.3,3.6,2,3.55,3.89,2,3.5,3.6,2,3.5,3.75,34,2.05,1.95,3.6,3.35,3.95,3.6,32,2,1.89,1.9,1.84,13,-0.5,2.02,1.94,1.88,1.82,2.04,3.55,3.84
EC,27/10/2018,Braintree Town,Dover Athletic,2,1,H,1,0,H,S Purkiss,1,0,0,0,2.8,3.3,2.5,2.85,3.2,2.35,2.65,3.2,2.4,2.77,3.44,2.6,2.7,3.4,2.5,2.7,3.4,2.55,35,2.9,2.71,3.5,3.26,2.6,2.44,33,1.98,1.86,1.99,1.88,14,0,2.02,1.95,1.88,1.8,3.4,3.44,2.24
EC,27/10/2018,Chesterfield,Wrexham,1,1,D,0,1,A,C Pollard,4,3,0,0,2.5,3.3,2.75,2.45,3.2,2.7,2.5,2.95,2.75,2.66,3.15,2.92,2.55,3.2,2.75,2.6,3.13,2.8,35,2.7,2.5,3.3,3.1,2.95,2.75,31,2.38,2.25,1.65,1.59,15,0,1.92,1.8,2.07,1.97,2.5,3.25,3.09
EC,27/10/2018,Dag and Red,Harrogate,2,1,H,2,0,H,C Brook,4,0,0,0,4,3.6,1.85,3.7,3.4,1.91,3.75,3.45,1.85,4.04,3.71,1.91,3.9,3.6,1.88,4,3.6,1.87,34,4.1,3.79,3.75,3.48,1.95,1.87,32,1.93,1.82,2.05,1.92,13,0.5,1.99,1.9,1.91,1.86,4.01,3.75,1.93
EC,27/10/2018,Gateshead,Aldershot,3,0,H,2,0,H,R Hulme,0,0,0,0,2.04,3.4,3.5,1.95,3.3,3.6,2,3.2,3.5,2.1,3.45,3.66,2.15,3.4,3.3,2.1,3.3,3.6,35,2.15,2.02,3.5,3.3,3.75,3.48,31,2.2,2.1,1.75,1.68,13,-0.25,1.82,1.74,2.17,2.01,2.07,3.43,3.88
EC,27/10/2018,Halifax,Eastleigh,0,1,A,0,0,D,T Reeves,0,3,0,0,2.45,3.25,2.87,2.35,3.2,2.85,2.45,3.05,2.75,2.58,3.25,2.92,2.5,3.25,2.8,2.5,3.3,2.8,35,2.6,2.44,3.3,3.16,2.95,2.79,31,2.2,2.08,1.75,1.69,15,0,1.83,1.76,2.08,2.01,2.54,3.33,2.97
EC,27/10/2018,Hartlepool,Sutton,2,3,A,0,1,A,A Miller,1,3,0,0,2.54,3.3,2.7,2.45,3.25,2.7,2.5,3.1,2.65,2.65,3.32,2.79,2.6,3.25,2.7,2.55,3.25,2.75,34,2.7,2.5,3.35,3.18,2.85,2.69,31,2.25,2.1,1.75,1.68,14,0,1.89,1.82,2.02,1.94,2.75,3.47,2.64
EC,27/10/2018,Leyton Orient,Havant & Waterlooville,4,0,H,3,0,H,M Woods,1,0,0,0,1.5,4,7,1.55,3.7,5.75,1.5,3.95,5.75,1.51,4.35,6.54,1.52,4.2,6,1.5,4.2,6.5,32,1.55,1.51,4.35,3.95,7,5.91,31,1.88,1.81,2.07,1.94,15,-1,1.95,1.86,1.97,1.9,1.52,4.31,6.66
EC,27/10/2018,Maidenhead,Fylde,0,6,A,0,2,A,W Finnie,1,0,1,0,3.25,3.5,2.1,3,3.4,2.15,3.15,3.3,2.1,3.44,3.54,2.15,3.2,3.5,2.15,3.25,3.5,2.15,35,3.44,3.15,3.55,3.38,2.2,2.11,34,2,1.85,1.97,1.88,15,0.25,2.03,1.93,1.91,1.84,3.63,3.55,2.11
EC,27/10/2018,Maidstone,Solihull,1,3,A,1,2,A,S Yianni,4,1,0,0,3.8,3.4,2,3.5,3.3,2,3.65,3.3,1.9,3.97,3.44,2.02,3.7,3.4,2,3.9,3.4,1.95,35,4,3.65,3.55,3.32,2.05,1.96,32,2.15,2.01,1.83,1.74,14,0.5,1.91,1.81,2.05,1.96,4.01,3.49,2.01
EC,27/10/2018,Salford,Ebbsfleet,1,1,D,1,1,D,J Oldham,1,1,0,0,1.8,3.6,4.33,1.75,3.5,4.33,1.7,3.55,4.25,1.78,3.73,4.69,1.75,3.7,4.33,1.8,3.75,4.2,34,1.84,1.75,3.85,3.56,5,4.25,33,1.91,1.79,2.06,1.95,13,-0.5,1.82,1.75,2.12,2,1.68,4.08,5.06
EC,30/10/2018,Aldershot,Boreham Wood,1,1,D,1,0,H,M Dicicco,3,1,0,0,2.45,3.25,2.9,2.4,3.1,2.85,2.45,3.1,2.7,2.63,3.36,2.83,2.45,3.3,2.8,2.55,3.25,2.8,36,2.64,2.48,3.36,3.18,2.9,2.76,33,2.19,2.07,1.75,1.7,17,0,1.88,1.81,2.04,1.97,2.65,3.28,2.87
EC,30/10/2018,Barnet,Salford,1,3,A,1,1,D,A Dale,0,1,0,0,2.75,3.5,2.4,3,3.25,2.25,2.75,3.2,2.35,2.92,3.47,2.5,2.8,3.4,2.4,2.8,3.4,2.45,35,3,2.81,3.5,3.3,2.52,2.38,33,2.07,1.96,1.85,1.79,15,0.25,1.78,1.72,2.17,2.07,2.66,3.52,2.69
EC,30/10/2018,Bromley,Braintree Town,2,4,A,1,2,A,G Parsons,1,3,0,0,1.6,4.2,5,1.6,3.8,5,1.6,3.75,4.9,1.67,4.1,5.18,1.63,4,5,1.65,3.9,5.2,36,1.68,1.62,4.2,3.85,5.5,4.92,34,1.92,1.82,2,1.93,17,-0.75,1.87,1.81,2.04,1.98,1.66,4.13,5.22
EC,30/10/2018,Dover Athletic,Dag and Red,0,2,A,0,2,A,W Finnie,1,0,0,0,2.2,3.5,3.1,2.25,3.3,2.9,2.2,3.2,3,2.29,3.49,3.24,2.25,3.4,3,2.25,3.4,3.1,36,2.35,2.23,3.5,3.32,3.25,3.01,34,2.04,1.93,1.9,1.82,17,-0.25,2.03,1.93,1.92,1.85,2.1,3.71,3.49
EC,30/10/2018,Eastleigh,Leyton Orient,1,1,D,1,0,H,J Oldham,2,2,0,0,3.1,3.6,2.14,3.1,3.3,2.15,3.3,3.2,2.05,3.52,3.42,2.19,3.4,3.4,2.1,3.5,3.4,2.1,36,3.56,3.28,3.6,3.3,2.2,2.11,33,2.17,2.04,1.78,1.73,17,0.25,2.08,1.98,1.88,1.81,3.87,3.62,2.01
EC,30/10/2018,Ebbsfleet,Maidstone,1,1,D,0,0,D,D Middleton,1,3,0,0,1.53,4,6,1.55,3.75,5.75,1.55,3.7,5.5,1.6,3.96,6.23,1.57,3.9,5.8,1.57,3.9,6,35,1.63,1.56,4.1,3.78,6.25,5.66,31,2.05,1.97,1.88,1.79,15,-1,2.11,2.02,1.82,1.76,1.56,4.07,6.61
EC,30/10/2018,Fylde,Gateshead,1,0,H,0,0,D,J Hull,1,2,0,0,1.8,3.75,4.2,1.83,3.5,3.9,1.8,3.55,3.95,1.87,3.71,4.35,1.85,3.6,4,1.85,3.7,4,36,1.9,1.82,3.85,3.56,4.35,3.97,34,1.88,1.81,2.02,1.94,16,-0.5,1.89,1.83,2.04,1.96,1.88,3.69,4.36
EC,30/10/2018,Harrogate,Barrow,4,2,H,0,1,A,M Edwards,0,2,0,0,1.66,3.9,4.75,1.62,3.7,5,1.7,3.6,4.35,1.77,3.82,4.81,1.75,3.75,4.33,1.73,3.8,4.6,36,1.8,1.7,3.9,3.68,5,4.53,34,1.9,1.81,2.02,1.94,16,-0.75,2.01,1.92,1.91,1.85,1.72,3.98,4.9
EC,30/10/2018,Havant & Waterlooville,Maidenhead,7,0,H,2,0,H,S Yianni,0,1,0,1,2.37,3.6,2.7,2.4,3.25,2.7,2.35,3.2,2.75,2.51,3.41,2.94,2.38,3.4,2.88,2.4,3.4,2.88,34,2.52,2.39,3.6,3.3,2.95,2.78,33,2.04,1.95,1.88,1.8,16,0,1.8,1.74,2.14,2.05,2.42,3.47,3.04
EC,30/10/2018,Solihull,Halifax,0,0,D,0,0,D,J Smith,0,2,0,0,1.6,4.2,5,1.65,3.5,5,1.6,3.7,4.95,1.66,4.02,5.37,1.62,4,5,1.65,3.75,5.25,36,1.67,1.62,4.2,3.75,5.6,4.99,34,2.07,1.95,1.9,1.8,17,-0.75,1.89,1.82,2.04,1.96,1.72,3.88,5.08
EC,30/10/2018,Sutton,Chesterfield,1,1,D,1,0,H,D Rock,3,3,0,0,2,3.5,3.6,2,3.2,3.6,2,3.15,3.5,2.13,3.32,3.83,2.1,3.4,3.4,2.05,3.4,3.6,36,2.13,2.03,3.5,3.28,3.86,3.52,33,2.18,2.06,1.77,1.71,15,-0.5,2.13,2.02,1.83,1.76,2.12,3.29,3.88
EC,30/10/2018,Wrexham,Hartlepool,1,0,H,1,0,H,M Woods,4,4,0,1,1.83,3.6,4.2,1.8,3.3,4.25,1.8,3.25,4.15,1.9,3.53,4.44,1.88,3.4,4.2,1.87,3.4,4.33,36,1.92,1.85,3.6,3.34,4.55,4.13,32,2.35,2.22,1.67,1.61,16,-0.5,1.92,1.85,2,1.93,1.98,3.4,4.29
EC,03/11/2018,Aldershot,Braintree Town,1,0,H,0,0,D,A Miller,3,1,0,0,1.75,3.5,4.75,1.75,3.6,4.1,1.7,3.55,4.25,1.79,4.02,4.29,1.73,3.9,4.33,1.75,3.6,4.6,36,1.8,1.74,4.02,3.6,4.75,4.24,34,2.05,1.97,1.89,1.78,14,-0.75,2.06,1.99,1.84,1.78,1.83,3.83,4.39
EC,03/11/2018,Barnet,Maidstone,0,2,A,0,1,A,J Hull,1,0,0,0,1.53,4,6,1.55,3.5,6.25,1.5,3.9,5.5,1.56,4.2,5.92,1.55,4.2,5.5,1.55,4,6,36,1.6,1.53,4.3,3.93,6.5,5.65,34,1.92,1.81,2.03,1.94,17,-1,2.02,1.92,1.91,1.84,1.56,4.26,6.2
EC,03/11/2018,Bromley,Hartlepool,4,0,H,1,0,H,L Doughty,1,1,0,1,2.5,3.4,2.7,2.4,3.25,2.75,2.45,3.25,2.6,2.61,3.52,2.71,2.5,3.5,2.62,2.55,3.4,2.7,36,2.65,2.47,3.55,3.3,2.8,2.64,34,1.97,1.88,1.95,1.86,16,0,1.9,1.83,2.04,1.95,2.64,3.75,2.59
EC,03/11/2018,Dover Athletic,Maidenhead,2,0,H,1,0,H,S Allison,2,2,0,0,2.14,3.3,3.4,2.25,3.1,3.1,2.1,3.25,3.15,2.21,3.61,3.25,2.15,3.5,3.2,2.15,3.4,3.3,36,2.35,2.15,3.61,3.32,3.4,3.14,34,2.05,1.96,1.9,1.79,15,-0.25,1.92,1.86,1.99,1.9,2.04,3.87,3.51
EC,03/11/2018,Eastleigh,Salford,1,1,D,0,0,D,R Hulme,0,2,0,0,3.75,3.4,2,3.6,3.3,1.95,3.35,3.3,2,3.55,3.62,2.08,3.4,3.5,2.05,3.6,3.4,2.05,36,3.75,3.42,3.8,3.37,2.08,2.01,34,1.98,1.89,1.95,1.86,15,0.25,2.11,2.02,1.83,1.76,4.19,3.76,1.89
EC,03/11/2018,Ebbsfleet,Barrow,1,0,H,1,0,H,J Smith,1,5,0,0,1.9,3.5,4,1.87,3.3,3.9,1.9,3.35,3.7,2.01,3.57,3.81,2,3.5,3.6,1.93,3.5,3.9,35,2.01,1.92,3.65,3.41,4,3.68,33,2,1.89,1.95,1.86,15,-0.5,2.01,1.92,1.94,1.85,2.09,3.47,3.75
EC,03/11/2018,Fylde,Leyton Orient,1,3,A,1,2,A,M Edwards,3,1,0,0,2.37,3.4,2.87,2.3,3.3,2.8,2.4,3.15,2.75,2.49,3.37,2.95,2.45,3.3,2.8,2.5,3.3,2.8,36,2.55,2.4,3.4,3.23,2.95,2.79,34,2.11,2,1.85,1.76,16,0,1.84,1.76,2.11,2.02,2.45,3.39,3.05
EC,03/11/2018,Harrogate,Chesterfield,1,1,D,0,0,D,S Purkiss,2,2,0,0,1.9,3.4,4,1.95,3.3,3.6,1.95,3.4,3.35,2.04,3.64,3.64,2,3.6,3.5,2.05,3.5,3.5,36,2.1,1.99,3.65,3.44,4,3.42,34,1.86,1.79,2.1,1.97,14,-0.25,1.79,1.72,2.13,2.05,2.18,3.33,3.66
EC,03/11/2018,Havant & Waterlooville,Halifax,2,1,H,0,0,D,W Finnie,2,2,1,0,2.25,3.5,3,2.25,3.25,3,2.2,3.2,2.95,2.29,3.49,3.17,2.3,3.5,2.9,2.3,3.4,3,34,2.35,2.25,3.6,3.32,3.17,2.94,33,2,1.9,1.95,1.85,15,-0.25,2.04,1.96,1.9,1.82,2.28,3.44,3.31
EC,03/11/2018,Solihull,Boreham Wood,0,0,D,0,0,D,J Johnson,0,0,0,0,2.3,3.3,3.1,2.2,3.1,3.2,2.25,3.15,3,2.35,3.35,3.2,2.35,3.25,3,2.3,3.25,3.1,36,2.38,2.28,3.35,3.17,3.2,3.01,34,2.15,2.04,1.8,1.73,16,-0.25,2.06,1.98,1.87,1.8,2.13,3.37,3.76
EC,03/11/2018,Sutton,Dag and Red,1,0,H,0,0,D,S Yianni,0,1,0,0,1.53,4,6,1.55,3.9,5.25,1.5,3.95,5.25,1.55,4.33,5.88,1.57,4.2,5.25,1.57,4,5.75,35,1.6,1.54,4.35,3.96,6,5.32,32,1.86,1.77,2.09,1.98,15,-0.75,1.78,1.69,2.23,2.1,1.5,4.71,6.32
EC,03/11/2018,Wrexham,Gateshead,3,1,H,1,0,H,G Parsons,0,1,0,0,2,3.3,3.75,1.95,3.3,3.6,2,3.2,3.45,2.16,3.47,3.48,2.1,3.3,3.5,2.05,3.3,3.75,35,2.16,2.04,3.47,3.26,3.75,3.46,32,2.3,2.13,1.8,1.66,14,-0.25,1.85,1.77,2.09,2,2.28,3.36,3.39
EC,17/11/2018,Barrow,Eastleigh,0,3,A,0,2,A,G Rhodes,2,3,0,0,2.45,3.5,2.7,2.45,3.25,2.7,2.35,3.05,2.85,2.46,3.3,3.05,2.5,3.25,2.8,2.5,3.2,2.9,35,2.5,2.42,3.5,3.17,3.05,2.81,32,2.25,2.15,1.71,1.65,15,-0.25,2.17,2.09,1.8,1.72,2.42,3.28,3.2
EC,17/11/2018,Boreham Wood,Ebbsfleet,0,0,D,0,0,D,C Brook,1,3,0,0,2.2,3.4,3.2,2.25,3.3,2.9,2.2,3.05,3.15,2.27,3.27,3.42,2.25,3.25,3.2,2.25,3.25,3.25,34,2.36,2.23,3.4,3.15,3.42,3.11,31,2.44,2.19,1.7,1.62,15,-0.25,2.01,1.93,1.94,1.87,2.32,3.23,3.45
EC,17/11/2018,Braintree Town,Solihull,0,3,A,0,0,D,A Dale,2,3,0,0,4,3.6,1.85,4.25,3.5,1.75,3.85,3.3,1.85,4.15,3.57,1.95,4,3.4,1.91,4.1,3.5,1.9,36,4.25,3.96,3.6,3.4,1.95,1.86,34,2.17,2,1.85,1.75,15,0.75,1.75,1.68,2.25,2.15,4.13,3.55,1.96
EC,17/11/2018,Chesterfield,Havant & Waterlooville,0,0,D,0,0,D,P Howard,2,1,0,0,1.9,3.4,4,1.95,3.25,3.7,1.85,3.2,4.15,1.91,3.39,4.5,1.95,3.3,4,1.9,3.4,4.2,33,1.95,1.87,3.45,3.25,4.7,4.06,31,2.3,2.17,1.7,1.63,15,-0.5,1.95,1.89,2,1.92,1.76,3.79,4.88
EC,17/11/2018,Dag and Red,Fylde,2,1,H,1,1,D,C Pollard,0,1,0,0,4.33,3.6,1.8,4.2,3.5,1.78,4.4,3.3,1.75,4.91,3.53,1.8,4.33,3.5,1.83,4.6,3.5,1.8,34,5,4.39,3.6,3.41,1.85,1.78,31,2.1,2.02,1.81,1.73,15,0.5,2.1,2.03,1.85,1.78,4.94,3.63,1.79
EC,17/11/2018,Gateshead,Sutton,0,0,D,0,0,D,D Middleton,2,2,0,0,2.37,3.5,2.8,2.4,3.2,2.75,2.45,3.05,2.75,2.62,3.21,2.91,2.5,3.25,2.8,2.5,3.25,2.88,35,2.62,2.46,3.5,3.12,2.91,2.78,32,2.25,2.14,1.71,1.65,16,0,1.87,1.8,2.1,2,2.51,3.49,2.89
EC,17/11/2018,Halifax,Dover Athletic,1,0,H,1,0,H,R Welch,2,0,0,0,2.14,3.5,3.2,2.15,3.2,3.2,2.15,3.1,3.25,2.27,3.2,3.51,2.2,3.25,3.3,2.15,3.3,3.4,35,2.27,2.16,3.5,3.16,3.51,3.24,32,2.15,2.04,1.8,1.72,15,-0.25,1.95,1.88,2,1.92,2.33,3.35,3.29
EC,17/11/2018,Leyton Orient,Bromley,3,1,H,0,1,A,R Hulme,2,3,0,0,1.61,4,5,1.57,4,5,1.55,3.85,5,1.61,4.09,5.51,1.62,4,5,1.6,4,5.5,35,1.62,1.59,4.2,3.91,5.51,5.05,34,1.86,1.78,2.05,1.97,15,-1,2.1,2.03,1.85,1.75,1.57,4.28,5.95
EC,17/11/2018,Maidstone,Wrexham,1,1,D,0,0,D,L Wood,2,1,0,0,3.6,3.5,2,3.6,3.3,1.95,3.7,3.1,2,3.95,3.32,2.06,3.7,3.3,2.05,3.9,3.3,2,35,4,3.7,3.5,3.21,2.06,1.99,32,2.51,2.29,1.63,1.57,15,0.5,1.86,1.81,2.1,2,4.02,3.23,2.11
EC,17/11/2018,Salford,Aldershot,4,0,H,2,0,H,M Edwards,1,1,0,0,1.57,3.8,6,1.55,3.75,5.5,1.6,3.65,5.25,1.62,3.78,6.16,1.62,3.9,5.25,1.6,4,5.5,35,1.65,1.57,4,3.77,6.8,5.48,34,1.94,1.84,2,1.91,17,-1,2.17,2.03,1.85,1.76,1.64,3.95,5.7
EC,18/11/2018,Hartlepool,Barnet,1,3,A,1,2,A,M Woods,2,0,0,0,2.4,3.4,2.8,2.35,3.3,2.75,2.45,3.05,2.75,2.64,3.21,2.89,2.55,3.2,2.8,2.5,3.2,2.88,35,2.64,2.46,3.4,3.15,2.9,2.76,31,2.25,2.15,1.7,1.65,16,0,1.85,1.78,2.09,2.02,2.38,3.33,3.22
EC,24/11/2018,Aldershot,Barrow,0,2,A,0,1,A,S Yianni,1,1,0,0,2,3.4,3.75,2,3.4,3.4,1.95,3.2,3.65,2.06,3.39,3.87,2,3.4,3.7,2,3.4,3.75,36,2.06,1.98,3.45,3.29,3.9,3.64,32,2.15,2.08,1.75,1.7,17,-0.5,2.05,2,1.85,1.81,2.44,3.18,3.27
EC,24/11/2018,Barnet,Gateshead,1,2,A,0,1,A,W Finnie,0,2,0,0,2.14,3.25,3.4,2.15,3.2,3.2,2.1,3.05,3.3,2.26,3.24,3.5,2.2,3.25,3.3,2.15,3.25,3.5,36,2.26,2.16,3.35,3.17,3.55,3.3,32,2.25,2.17,1.7,1.64,17,-0.25,1.93,1.87,2.01,1.94,2.35,3.27,3.34
EC,24/11/2018,Bromley,Dag and Red,0,2,A,0,1,A,A Quelch,0,2,0,0,1.72,3.75,4.5,1.78,3.5,4.1,1.7,3.6,4.2,1.81,3.8,4.4,1.78,3.7,4.33,1.75,3.75,4.5,35,1.81,1.75,3.9,3.63,4.55,4.22,34,1.88,1.8,2.05,1.96,17,-0.75,2.07,1.99,1.9,1.81,1.88,3.71,4.34
EC,24/11/2018,Dover Athletic,Hartlepool,2,1,H,2,0,H,T Reeves,2,1,0,0,2.37,3.3,2.9,2.45,3.2,2.7,2.4,3.15,2.75,2.53,3.37,2.9,2.4,3.3,2.88,2.6,3.3,2.7,36,2.6,2.44,3.45,3.23,2.9,2.74,35,2.06,1.99,1.85,1.78,18,0,1.9,1.8,2.1,2.02,2.42,3.37,3.11
EC,24/11/2018,Eastleigh,Chesterfield,1,1,D,1,1,D,C Brook,0,0,0,0,2.6,3.2,2.75,2.6,3.1,2.6,2.5,2.95,2.75,2.6,3.19,2.96,2.6,3.1,2.8,2.63,3.13,2.75,36,2.7,2.54,3.27,3.08,2.96,2.76,32,2.4,2.27,1.65,1.59,18,0,1.9,1.81,2.08,1.99,2.8,3.28,2.72
EC,24/11/2018,Ebbsfleet,Halifax,4,0,H,2,0,H,M Dicicco,0,2,0,0,1.72,3.75,4.75,1.78,3.4,4.33,1.7,3.3,4.65,1.77,3.6,5.03,1.75,3.5,4.8,1.8,3.4,4.75,35,1.8,1.75,3.75,3.4,5.03,4.65,31,2.4,2.27,1.65,1.59,16,-0.5,1.84,1.75,2.15,2.07,1.83,3.49,4.99
EC,24/11/2018,Fylde,Boreham Wood,2,1,H,0,0,D,A Miller,1,0,0,0,1.9,3.4,4,1.91,3.25,3.9,1.85,3.3,3.9,1.92,3.62,4.12,1.95,3.5,3.75,1.91,3.4,4.1,36,1.96,1.9,3.62,3.37,4.2,3.86,32,2.15,2.09,1.75,1.69,17,-0.5,1.96,1.9,1.96,1.9,1.76,3.69,5.13
EC,24/11/2018,Harrogate,Braintree Town,3,1,H,1,1,D,S Mather,1,1,0,0,1.36,4.5,9,1.36,4.5,7.5,1.35,4.45,7.25,1.37,4.85,8.7,1.38,4.8,7.5,1.36,5,8,36,1.4,1.36,5,4.65,9,7.55,32,1.7,1.64,2.3,2.17,18,-1.25,1.91,1.86,2.05,1.95,1.41,4.69,8.45
EC,24/11/2018,Havant & Waterlooville,Maidstone,5,2,H,2,0,H,S Lucas,1,2,0,1,1.9,3.4,4,1.87,3.3,3.9,1.95,3.25,3.6,2.07,3.41,3.81,2.05,3.4,3.5,2,3.5,3.7,34,2.07,1.97,3.55,3.33,4,3.61,34,2.05,1.95,1.89,1.81,16,-0.5,2.08,2,1.9,1.81,2.59,3.3,2.93
EC,24/11/2018,Solihull,Salford,0,0,D,0,0,D,J Hull,0,0,0,0,2.9,3.3,2.37,2.85,3.2,2.35,2.7,3.2,2.4,2.89,3.39,2.53,2.75,3.3,2.5,2.75,3.4,2.5,36,2.9,2.75,3.4,3.25,2.55,2.43,35,1.99,1.9,1.95,1.85,16,0,2.1,2.02,1.85,1.78,3,3.56,2.39
EC,24/11/2018,Sutton,Maidenhead,0,1,A,0,0,D,D Bourne,0,0,0,0,1.4,4.5,7.5,1.42,4.4,6.25,1.4,4.2,7,1.42,4.48,8.06,1.44,4.4,7,1.44,4.4,7,36,1.45,1.4,4.6,4.33,8.06,7.04,32,1.85,1.77,2.05,1.98,17,-1.25,2.09,2.01,1.9,1.8,1.64,3.86,5.95
EC,24/11/2018,Wrexham,Leyton Orient,0,2,A,0,0,D,D Rock,1,3,0,0,2.7,3.1,2.7,2.6,3,2.7,2.6,2.95,2.65,2.82,3.13,2.76,2.7,3.1,2.7,2.7,3.13,2.7,36,2.82,2.66,3.2,3.04,2.8,2.66,32,2.4,2.29,1.65,1.58,18,0,1.96,1.91,1.96,1.9,2.81,3.13,2.82
EC,27/11/2018,Barrow,Wrexham,0,0,D,0,0,D,M Dicicco,0,2,0,0,2.87,3.3,2.4,2.9,3.2,2.3,3,3,2.3,3.11,3.25,2.49,3,3.2,2.4,3,3.2,2.4,38,3.24,2.98,3.3,3.13,2.49,2.35,33,2.35,2.22,1.7,1.61,17,0.25,1.85,1.78,2.13,2.04,3.42,3.31,2.29
EC,27/11/2018,Boreham Wood,Dover Athletic,0,1,A,0,0,D,A Dale,0,1,0,0,2,3.3,3.75,1.85,3.3,4,1.95,3.15,3.65,2.07,3.32,4.03,2,3.3,3.8,2.05,3.4,3.6,38,2.08,1.98,3.5,3.24,4.2,3.73,34,2.21,2.09,1.75,1.69,16,-0.5,2.09,2.03,1.85,1.79,2.13,3.29,3.88
EC,27/11/2018,Braintree Town,Sutton,2,2,D,1,0,H,A Quelch,4,2,0,0,4.33,3.4,1.85,4.5,3.5,1.72,4.05,3.3,1.8,4.42,3.52,1.91,4.2,3.6,1.83,4.1,3.5,1.9,38,4.75,4.18,3.75,3.4,1.91,1.82,34,2.2,2.05,1.8,1.72,15,0.5,2.02,1.94,1.94,1.86,4.42,3.51,1.91
EC,27/11/2018,Chesterfield,Bromley,1,1,D,0,1,A,S Mather,1,3,0,0,1.9,3.5,4,1.95,3.4,3.5,1.85,3.3,3.9,1.93,3.51,4.35,1.91,3.3,4.2,1.93,3.5,3.9,38,2,1.91,3.51,3.34,4.35,3.86,33,2.1,2.01,1.85,1.74,15,-0.5,2,1.91,1.97,1.89,1.93,3.55,4.3
EC,27/11/2018,Dag and Red,Havant & Waterlooville,3,1,H,1,0,H,J Smith,0,3,0,0,2.3,3.4,3,2.2,3.4,2.95,2.3,3.15,2.85,2.47,3.39,3.02,2.4,3.3,2.9,2.4,3.4,2.9,36,2.47,2.34,3.4,3.25,3.1,2.88,32,2.1,1.98,1.85,1.78,17,-0.25,2.12,2.04,1.85,1.78,2.53,3.38,2.94
EC,27/11/2018,Hartlepool,Fylde,1,2,A,0,1,A,J Oldham,2,1,0,0,3.25,3.5,2.1,2.95,3.25,2.25,3.2,3.2,2.1,3.5,3.4,2.21,3.4,3.25,2.15,3.3,3.4,2.15,38,3.5,3.18,3.5,3.27,2.25,2.15,34,2.06,1.96,1.9,1.79,17,0.25,2,1.94,1.92,1.87,3.63,3.51,2.12
EC,27/11/2018,Leyton Orient,Aldershot,0,0,D,0,0,D,C Pollard,1,3,0,0,1.4,4.5,8,1.45,4.25,6,1.4,4.05,6.5,1.45,4.59,7.6,1.42,4.4,7.5,1.45,4.3,7.5,38,1.48,1.43,4.59,4.2,8,6.84,35,1.95,1.89,1.97,1.86,18,-1,1.81,1.75,2.15,2.06,1.49,4.39,7.21
EC,27/11/2018,Maidenhead,Ebbsfleet,1,1,D,0,1,A,G Parsons,1,1,0,0,3.5,3.4,2.04,3.1,3.3,2.15,3.35,3.25,2.05,3.55,3.42,2.18,3.5,3.3,2.1,3.5,3.4,2.1,37,3.62,3.32,3.45,3.29,2.25,2.1,33,2.1,2.01,1.85,1.75,17,0.25,2.07,1.99,1.9,1.82,3.75,3.47,2.09
EC,27/11/2018,Maidstone,Eastleigh,1,3,A,0,1,A,S Allison,0,1,0,0,2.9,3.6,2.25,2.85,3.25,2.3,3,3.2,2.2,3.18,3.52,2.31,3.1,3.4,2.25,3.2,3.3,2.25,38,3.22,3,3.6,3.29,2.34,2.24,33,2.2,2.06,1.77,1.71,17,0.25,1.92,1.85,2.01,1.96,3.18,3.55,2.3
EC,27/11/2018,Salford,Harrogate,3,2,H,2,2,D,D Middleton,3,1,0,0,1.75,3.8,4.33,1.83,3.5,3.9,1.75,3.55,4,1.84,3.89,4.29,1.8,3.7,4.2,1.8,3.75,4.2,38,1.91,1.81,3.89,3.6,4.33,3.99,35,1.85,1.78,2.07,1.98,16,-0.5,1.9,1.81,2.07,2,1.86,3.86,4.18
EC,01/12/2018,Aldershot,Ebbsfleet,0,2,A,0,0,D,L Doughty,2,0,0,0,3.3,3.2,2.2,2.9,3.2,2.3,2.9,3.1,2.3,3.16,3.27,2.41,3.1,3.2,2.35,3.1,3.25,2.3,35,3.3,2.99,3.3,3.16,2.48,2.31,31,2.15,2.08,1.77,1.69,17,0,2.29,2.15,1.78,1.67,3.34,3.29,2.34
EC,01/12/2018,Braintree Town,Barrow,0,2,A,0,1,A,D Bourne,0,3,0,0,3.1,3.3,2.3,2.95,3.3,2.25,2.95,3.1,2.3,3.02,3.35,2.45,2.9,3.3,2.38,3,3.25,2.38,36,3.15,2.92,3.45,3.23,2.45,2.33,32,2.15,2.03,1.8,1.73,17,0.25,1.84,1.78,2.1,2.02,3.41,3.35,2.28
EC,01/12/2018,Eastleigh,Dover Athletic,2,2,D,1,1,D,P Howard,2,0,0,0,2,3.3,3.75,1.87,3.3,3.9,2,3.1,3.65,2.06,3.16,4.2,2.05,3.25,3.7,2.05,3.3,3.7,36,2.1,2,3.4,3.2,4.2,3.72,33,2.2,2.08,1.77,1.7,16,-0.5,2.09,2.02,1.84,1.78,2.12,3.28,3.93
EC,01/12/2018,Fylde,Sutton,2,2,D,1,0,H,M Woods,1,1,0,0,2.1,3.2,3.6,2.05,3.2,3.4,1.95,3.2,3.55,2.05,3.48,3.8,2,3.4,3.7,2.05,3.4,3.6,36,2.1,2.01,3.5,3.29,3.85,3.56,32,2.16,2.06,1.76,1.7,15,-0.25,1.81,1.74,2.14,2.05,1.87,3.86,4.17
EC,01/12/2018,Hartlepool,Dag and Red,1,2,A,1,0,H,J Hull,0,3,0,0,1.8,3.5,4.5,1.72,3.5,4.4,1.75,3.5,4.2,1.8,3.74,4.56,1.78,3.6,4.4,1.83,3.6,4.3,36,1.85,1.78,3.8,3.51,4.56,4.22,35,1.98,1.88,1.94,1.87,16,-0.75,2.12,2.03,1.83,1.76,2.07,3.74,3.55
EC,01/12/2018,Leyton Orient,Gateshead,2,0,H,0,0,D,C Brook,0,1,0,1,1.72,3.6,4.75,1.7,3.6,4.5,1.7,3.45,4.4,1.79,3.71,4.64,1.75,3.6,4.6,1.75,3.6,4.75,36,1.8,1.74,3.75,3.56,4.8,4.47,35,2.08,1.98,1.85,1.78,17,-0.75,2.05,1.99,1.86,1.81,1.78,3.82,4.69
EC,01/12/2018,Maidenhead,Harrogate,1,2,A,1,1,D,L Wood,0,1,0,0,3.6,3.4,2,3.25,3.4,2.05,3.4,3.3,2,3.63,3.52,2.09,3.5,3.4,2.05,3.5,3.5,2.05,32,3.63,3.4,3.55,3.37,2.15,2.03,31,2.03,1.9,2,1.85,15,0.25,2.15,2.03,1.83,1.77,3.68,3.66,2.05
EC,01/12/2018,Salford,Havant & Waterlooville,3,0,H,2,0,H,M Dicicco,2,5,0,0,1.33,5,8,1.3,4.75,9,1.35,4.5,7.5,1.33,5.05,9.81,1.33,4.75,9.5,1.33,5,9,34,1.4,1.33,5.5,4.75,9.81,8.43,32,1.75,1.7,2.21,2.08,17,-1.5,2.15,2.03,1.8,1.75,1.33,5.33,9.55
EC,04/12/2018,Solihull,Harrogate,2,0,H,1,0,H,R Hulme,0,2,0,0,2.5,3.4,2.7,2.45,3.3,2.65,2.55,3.2,2.55,2.72,3.48,2.67,2.62,3.3,2.6,2.6,3.4,2.63,37,2.75,2.53,3.48,3.28,2.8,2.63,34,2,1.9,1.93,1.85,18,0,1.97,1.88,2.01,1.91,2.77,3.5,2.6
EC,08/12/2018,Barrow,Maidstone,1,0,H,0,0,D,J Johnson,2,2,1,0,1.8,3.6,4.33,1.83,3.4,4,1.8,3.35,3.95,1.89,3.61,4.04,1.85,3.5,4.2,1.85,3.5,4.3,36,1.9,1.83,3.61,3.47,4.4,4.02,32,2.1,2.03,1.8,1.73,15,-0.5,1.89,1.84,2,1.94,1.88,3.85,4.13
EC,08/12/2018,Boreham Wood,Leyton Orient,1,0,H,1,0,H,J Oldham,2,0,0,0,4,3.3,1.95,3.5,3.25,2,3.7,3.25,1.9,3.85,3.53,1.97,3.8,3.5,1.95,3.9,3.3,2,36,4,3.68,3.53,3.32,2.1,1.96,32,2.2,2.1,1.75,1.68,15,0.5,1.89,1.81,2.01,1.97,4.25,3.54,1.94
EC,08/12/2018,Chesterfield,Salford,2,0,H,1,0,H,L Doughty,3,0,0,0,3.8,3.5,1.95,3.3,3.3,2.05,3.6,3.25,1.95,3.7,3.53,2.01,3.7,3.4,2,3.75,3.4,2,36,3.85,3.56,3.55,3.35,2.05,1.99,32,2.1,2,1.81,1.75,16,0.5,1.88,1.81,2.04,1.98,3.93,3.6,2
EC,08/12/2018,Dag and Red,Halifax,1,1,D,0,0,D,R Hulme,2,2,1,1,2,3.6,3.5,2,3.4,3.4,1.95,3.25,3.55,2.02,3.45,3.75,2,3.4,3.75,2,3.4,3.75,35,2.05,1.99,3.6,3.36,3.85,3.55,34,2.16,2.03,1.8,1.74,16,-0.25,1.78,1.72,2.2,2.09,2.03,3.54,3.88
EC,08/12/2018,Dover Athletic,Fylde,2,1,H,0,1,A,C Brook,2,2,1,0,3.5,3.6,2,3.3,3.5,2,3.35,3.3,2,3.5,3.44,2.11,3.5,3.4,2.05,3.6,3.5,2,36,3.6,3.42,3.6,3.39,2.15,2.02,35,1.98,1.9,1.91,1.84,17,0.5,1.85,1.78,2.09,2.01,3.55,3.72,2.08
EC,08/12/2018,Ebbsfleet,Barnet,1,0,H,0,0,D,D Bourne,3,0,0,0,2.14,3.4,3.3,2.1,3.3,3.25,2.1,3.15,3.25,2.22,3.28,3.48,2.2,3.2,3.4,2.25,3.25,3.25,35,2.33,2.17,3.4,3.2,3.5,3.24,31,2.2,2.11,1.75,1.67,17,-0.25,1.99,1.89,1.96,1.9,2.41,3.63,2.94
EC,08/12/2018,Gateshead,Bromley,2,0,H,1,0,H,J Hull,1,1,0,0,1.9,3.3,4.2,2,3.2,3.6,1.9,3.4,3.65,1.93,3.65,3.81,1.95,3.5,3.75,1.95,3.5,3.8,36,2,1.94,3.65,3.42,4.2,3.66,35,1.99,1.89,1.98,1.86,17,-0.5,2,1.94,1.91,1.85,2.06,3.65,3.66
EC,08/12/2018,Harrogate,Aldershot,4,1,H,1,1,D,S Lucas,1,2,0,0,1.55,4.2,5.5,1.55,3.9,5.25,1.5,4,5.25,1.55,4.24,5.52,1.53,4.2,5.8,1.53,4.2,6,36,1.6,1.54,4.4,4.05,6,5.27,32,1.75,1.68,2.21,2.11,19,-1,2.05,1.92,1.95,1.86,1.5,4.76,6.14
EC,08/12/2018,Havant & Waterlooville,Braintree Town,2,1,H,0,0,D,S Yianni,3,4,0,0,1.85,3.6,4,1.85,3.5,3.8,1.8,3.5,3.75,1.91,3.64,4.05,1.88,3.6,3.9,1.87,3.7,3.9,33,1.93,1.86,3.8,3.56,4.1,3.81,31,1.85,1.79,2.05,1.97,17,-0.5,1.94,1.87,1.99,1.92,2.02,3.55,3.91
EC,08/12/2018,Maidenhead,Hartlepool,0,1,A,0,1,A,A Dale,1,3,1,0,2.75,3.4,2.45,2.55,3.25,2.55,2.65,3.2,2.45,2.76,3.45,2.52,2.7,3.4,2.5,2.7,3.4,2.55,36,2.8,2.64,3.55,3.33,2.7,2.48,35,2,1.89,1.93,1.85,18,0,2.03,1.96,1.89,1.83,2.9,3.47,2.51
EC,08/12/2018,Sutton,Solihull,2,2,D,1,1,D,C Pollard,1,3,0,0,2,3.5,3.75,2.1,3.1,3.4,2,3.05,3.7,2.1,3.03,4.08,2,3.25,3.9,2,3.4,3.75,36,2.15,2.03,3.5,3.14,4.08,3.69,32,2.15,2.07,1.77,1.7,16,-0.25,1.78,1.73,2.16,2.07,2.36,3.05,3.58
EC,08/12/2018,Wrexham,Eastleigh,2,0,H,1,0,H,P Gibbons,0,0,0,0,1.9,3.2,4.33,1.9,3.25,3.9,1.85,3.15,4.05,1.91,3.39,4.26,1.91,3.3,4.2,1.93,3.3,4.2,36,2,1.91,3.4,3.25,4.4,3.97,32,2.4,2.27,1.65,1.59,17,-0.5,2,1.92,1.95,1.87,1.96,3.47,4.24
EC,18/12/2018,Halifax,Boreham Wood,1,1,D,1,1,D,S Mather,1,1,0,0,2.62,3.3,2.62,2.6,3.1,2.6,2.65,3,2.6,2.84,3.19,2.7,2.75,3.1,2.62,2.75,3.1,2.7,32,2.85,2.68,3.2,3.06,2.75,2.63,27,2.53,2.38,1.58,1.54,17,0,2.02,1.95,1.91,1.86,2.98,3.19,2.62
EC,22/12/2018,Aldershot,Wrexham,0,0,D,0,0,D,R Hulme,2,2,0,0,4.2,3.5,1.85,4.2,3.5,1.78,4.5,3.45,1.7,4.56,3.69,1.77,4.8,3.8,1.67,5.2,3.75,1.57,33,5.2,4.49,3.8,3.52,1.85,1.73,30,2.22,2.13,1.75,1.67,15,0.5,2.16,2.07,1.78,1.72,4.21,3.24,2.05
EC,22/12/2018,Barnet,Dover Athletic,2,0,H,0,0,D,S Purkiss,0,1,0,0,1.8,3.5,4.5,1.72,3.5,4.4,1.75,3.35,4.25,1.81,3.55,4.5,1.8,3.5,4.4,1.8,3.5,4.5,33,1.86,1.79,3.6,3.45,4.6,4.25,32,2.12,2.03,1.83,1.74,16,-0.5,1.86,1.81,2.05,1.99,2,3.39,4.18
EC,22/12/2018,Braintree Town,Boreham Wood,1,1,D,1,0,H,M Woods,2,3,0,0,3.2,3.3,2.25,3,3.25,2.25,3.1,3.2,2.15,3.17,3.53,2.22,3.1,3.4,2.25,3.2,3.3,2.25,33,3.3,3.05,3.53,3.29,2.3,2.22,30,2.15,2.07,1.78,1.7,15,0.25,1.94,1.87,1.98,1.92,3.39,3.53,2.21
EC,22/12/2018,Bromley,Maidenhead,1,0,H,1,0,H,T Reeves,2,5,0,0,1.8,3.75,4.2,1.75,3.6,4.1,1.75,3.6,3.85,1.88,3.73,4.18,1.83,3.6,4.2,1.83,3.75,4.1,33,1.89,1.8,3.85,3.61,4.2,3.95,30,1.77,1.72,2.16,2.05,16,-0.5,1.87,1.81,2.06,1.98,1.78,4.04,4.47
EC,22/12/2018,Eastleigh,Harrogate,2,1,H,1,1,D,W Finnie,1,2,0,0,3,3.6,2.2,2.95,3.4,2.2,3.05,3.4,2.1,3.11,3.83,2.14,3.1,3.7,2.1,3.25,3.5,2.15,33,3.25,3.06,3.83,3.47,2.2,2.14,32,1.9,1.84,2.02,1.91,16,0.25,2.02,1.94,1.91,1.85,3.31,3.54,2.24
EC,22/12/2018,Fylde,Ebbsfleet,2,0,H,1,0,H,G Rhodes,2,3,0,0,1.9,3.6,3.75,1.9,3.4,3.75,1.9,3.25,3.75,1.96,3.42,3.98,1.95,3.4,3.9,1.91,3.5,4,32,2,1.91,3.6,3.37,4.1,3.81,31,2.1,2.01,1.82,1.75,15,-0.5,1.96,1.91,1.95,1.88,1.99,3.63,3.92
EC,22/12/2018,Halifax,Sutton,0,1,A,0,0,D,M Edwards,3,2,0,0,3.25,3.3,2.2,3.2,3,2.25,3.15,3.05,2.2,3.52,3.07,2.27,3.4,3.2,2.2,3.3,3.3,2.2,33,3.52,3.23,3.3,3.1,2.3,2.21,30,2.15,2.04,1.8,1.73,16,0.25,1.97,1.9,1.95,1.9,3.46,3.45,2.21
EC,22/12/2018,Hartlepool,Havant & Waterlooville,1,1,D,1,1,D,S Mather,0,1,0,0,1.83,3.6,4.2,1.8,3.5,4.1,1.75,3.5,4.1,1.78,3.76,4.36,1.83,3.6,4.2,1.85,3.6,4.1,30,1.89,1.8,3.78,3.52,4.4,4.08,29,1.98,1.87,1.97,1.89,15,-0.75,2.17,2.07,1.83,1.73,1.77,3.89,4.72
EC,22/12/2018,Leyton Orient,Chesterfield,3,1,H,1,1,D,A Quelch,2,1,0,0,1.72,3.75,4.5,1.7,3.7,4.4,1.65,3.55,4.7,1.71,3.64,5.07,1.7,3.6,5,1.7,3.75,4.8,33,1.75,1.69,3.8,3.58,5.07,4.68,32,1.97,1.87,1.95,1.88,16,-0.75,1.98,1.91,1.94,1.89,1.78,3.71,4.89
EC,22/12/2018,Maidstone,Gateshead,2,3,A,0,2,A,D Rock,1,0,0,0,3.3,3.4,2.14,3.2,3.25,2.15,3.25,3.1,2.15,3.39,3.31,2.21,3.4,3.3,2.15,3.3,3.3,2.2,33,3.45,3.21,3.45,3.23,2.25,2.16,30,2.23,2.11,1.73,1.68,16,0.25,1.97,1.91,1.97,1.89,3.25,3.46,2.3
EC,22/12/2018,Salford,Dag and Red,1,2,A,1,1,D,S Lucas,0,1,0,0,1.4,4.75,7,1.34,5,7,1.4,4.45,6.75,1.39,4.65,7.61,1.4,4.6,7.5,1.4,4.75,7.5,32,1.45,1.39,5,4.55,7.61,6.96,29,1.68,1.61,2.35,2.23,16,-1.25,1.98,1.92,1.93,1.88,1.39,5.05,8
EC,22/12/2018,Solihull,Barrow,0,1,A,0,0,D,S Allison,2,2,0,0,1.8,3.75,4.2,1.78,3.7,3.9,1.75,3.4,4.25,1.82,3.55,4.48,1.83,3.5,4.33,1.83,3.5,4.33,33,1.86,1.79,3.75,3.5,4.55,4.18,32,2.06,1.97,1.86,1.79,15,-0.75,2.14,2.07,1.8,1.74,1.83,3.74,4.51
EC,26/12/2018,Barrow,Fylde,1,1,D,0,1,A,R Welch,3,0,0,0,3.4,3.5,2.04,3.5,3.4,1.95,3.35,3.25,2,3.54,3.4,2.11,3.5,3.4,2.05,3.6,3.4,2.05,33,3.6,3.4,3.5,3.34,2.12,2.04,32,2.06,1.96,1.88,1.8,15,0.5,1.81,1.74,2.11,2.04,3.61,3.58,2.1
EC,26/12/2018,Boreham Wood,Barnet,1,0,H,0,0,D,W Finnie,4,5,0,0,2.4,3.4,2.8,2.4,3.2,2.8,2.5,3,2.75,2.62,3.2,2.83,2.6,3.1,2.8,2.55,3.13,2.88,33,2.63,2.49,3.4,3.11,2.9,2.77,30,2.4,2.26,1.65,1.59,16,0,1.88,1.8,2.09,2,2.91,3.22,2.66
EC,26/12/2018,Chesterfield,Solihull,0,4,A,0,2,A,M Dicicco,1,2,0,0,2.3,3.3,3.1,2.3,3.2,2.9,2.3,3.05,2.95,2.41,3.19,3.11,2.38,3.1,3.1,2.4,3.2,3,34,2.45,2.35,3.3,3.09,3.15,2.99,30,2.3,2.19,1.7,1.63,16,0,1.76,1.68,2.25,2.15,2.58,3.19,3.03
EC,26/12/2018,Dag and Red,Leyton Orient,2,1,H,0,0,D,P Howard,2,0,0,0,4.5,4,1.7,4.33,3.8,1.67,4.45,3.6,1.7,4.62,3.83,1.72,4.75,3.7,1.7,4.8,3.75,1.7,33,4.8,4.47,4,3.68,1.76,1.69,32,1.98,1.9,1.93,1.85,16,0.75,1.95,1.88,1.99,1.92,4.84,3.81,1.76
EC,26/12/2018,Dover Athletic,Maidstone,3,1,H,0,1,A,J Smith,0,4,0,1,1.75,3.8,4.33,1.78,3.4,4.25,1.8,3.35,4.05,1.85,3.49,4.37,1.83,3.5,4.33,1.8,3.6,4.33,34,1.9,1.81,3.8,3.44,4.37,4.17,33,2.03,1.96,1.9,1.8,17,-0.5,1.86,1.81,2.05,1.99,1.85,3.73,4.42
EC,26/12/2018,Ebbsfleet,Braintree Town,4,2,H,3,1,H,A Quelch,2,3,0,0,1.53,4,6,1.5,4,5.75,1.5,3.75,6,1.52,3.94,6.6,1.5,3.9,7,1.53,3.9,6.5,33,1.55,1.51,4.05,3.85,7,6.17,32,2.1,2.03,1.82,1.75,17,-1,1.99,1.93,1.92,1.87,1.61,3.8,6.48
EC,26/12/2018,Gateshead,Hartlepool,2,1,H,2,0,H,A Miller,1,0,1,0,1.85,3.6,4.2,1.91,3.3,3.8,1.8,3.35,4.15,1.84,3.62,4.25,1.85,3.5,4.2,1.87,3.4,4.3,34,1.91,1.85,3.64,3.4,4.45,4,30,2.2,2.1,1.77,1.69,17,-0.5,1.91,1.86,2.01,1.93,2.1,3.43,3.79
EC,26/12/2018,Harrogate,Halifax,1,2,A,1,0,H,D Middleton,1,0,0,0,1.44,4.33,7,1.42,4.2,6.75,1.45,4.05,6.25,1.45,4.32,7,1.44,4.33,7,1.45,4.33,7,34,1.5,1.44,4.45,4.2,7,6.62,33,1.88,1.8,2.07,1.97,16,-1.25,2.11,2.06,1.82,1.76,1.53,4.17,6.92
EC,26/12/2018,Havant & Waterlooville,Eastleigh,2,2,D,0,2,A,D Rock,0,2,0,1,3,3.4,2.3,3.1,3.3,2.15,2.9,3.25,2.25,3.03,3.45,2.33,2.9,3.3,2.2,3,3.4,2.3,32,3.1,2.92,3.46,3.31,2.36,2.27,32,1.98,1.89,1.95,1.87,17,0.25,1.87,1.8,2.09,2,3.05,3.52,2.39
EC,26/12/2018,Maidenhead,Aldershot,4,3,H,1,1,D,S Yianni,2,3,0,0,2.14,3.5,3.2,2.1,3.3,3.2,2.2,3.1,3.1,2.26,3.18,3.41,2.2,3.2,3.4,2.25,3.3,3.2,33,2.3,2.18,3.5,3.19,3.41,3.21,32,2.08,1.97,1.87,1.79,15,-0.25,1.99,1.91,1.95,1.89,2.34,3.28,3.35
EC,26/12/2018,Sutton,Bromley,1,0,H,0,0,D,L Wood,1,1,0,0,1.8,3.6,4.33,1.78,3.5,4.1,1.7,3.55,4.35,1.75,3.79,4.55,1.75,3.7,4.5,1.75,3.7,4.5,34,1.8,1.75,3.8,3.57,4.7,4.31,33,1.99,1.89,1.95,1.86,17,-0.75,2.07,1.99,1.87,1.82,1.98,3.32,4.41
EC,26/12/2018,Wrexham,Salford,5,1,H,3,0,H,J Oldham,0,4,0,1,2.75,3.4,2.45,2.75,3.25,2.4,2.8,3.1,2.4,2.85,3.42,2.46,2.8,3.3,2.45,2.9,3.2,2.5,34,3,2.82,3.42,3.19,2.5,2.42,30,2.3,2.19,1.71,1.63,17,0,2.12,2.06,1.82,1.76,3.1,3.45,2.38
EC,29/12/2018,Barrow,Salford,3,2,H,1,0,H,D Middleton,1,3,0,1,4.2,3.6,1.85,4.2,3.5,1.78,3.9,3.35,1.8,4.17,3.46,1.9,4,3.4,1.91,4,3.5,1.91,34,4.2,3.95,3.6,3.42,1.94,1.85,33,1.98,1.89,1.95,1.86,16,0.5,1.97,1.92,1.95,1.87,4.54,3.34,1.94
EC,29/12/2018,Boreham Wood,Maidstone,0,1,A,0,1,A,T Reeves,1,2,0,1,1.6,3.8,5.75,1.57,3.7,5.5,1.6,3.5,5,1.68,3.59,5.43,1.65,3.6,5.5,1.65,3.6,5.75,34,1.7,1.62,3.8,3.57,5.75,5.25,33,2.2,2.06,1.81,1.72,16,-0.75,1.91,1.84,2.04,1.97,1.68,3.93,5.29
EC,29/12/2018,Chesterfield,Hartlepool,1,1,D,0,1,A,D Richardson,1,1,0,0,2.25,3.25,3.2,2.25,3.1,3.1,2.25,3.05,3.05,2.35,3.24,3.18,2.35,3.2,3.1,2.38,3.2,3.1,34,2.4,2.29,3.26,3.12,3.25,3.06,31,2.21,2.11,1.75,1.68,16,-0.25,2.06,1.98,1.86,1.82,2.27,3.36,3.41
EC,29/12/2018,Dag and Red,Barnet,0,1,A,0,1,A,A Quelch,3,1,0,0,2.62,3.2,2.7,2.6,3.1,2.6,2.55,3.1,2.6,2.6,3.34,2.74,2.6,3.25,2.7,2.55,3.25,2.75,34,2.65,2.55,3.34,3.16,2.75,2.65,31,2.21,2.1,1.75,1.68,16,0,1.91,1.85,2.04,1.95,3,3.28,2.55
EC,29/12/2018,Dover Athletic,Leyton Orient,0,0,D,0,0,D,L Wood,1,0,0,0,4.33,3.6,1.8,4.5,3.4,1.75,4.15,3.4,1.75,4.44,3.55,1.83,4.5,3.5,1.8,4.5,3.5,1.8,34,4.5,4.23,3.65,3.45,1.85,1.79,33,2.03,1.95,1.88,1.8,15,0.75,1.83,1.75,2.13,2.04,3.9,3.74,1.96
EC,29/12/2018,Ebbsfleet,Eastleigh,3,0,H,3,0,H,A Dale,1,0,0,0,2.2,3.4,3.25,2.3,3.2,2.9,2.15,3.2,3.1,2.26,3.51,3.1,2.3,3.4,3,2.38,3.4,2.88,33,2.38,2.24,3.51,3.26,3.3,3.01,30,2.15,2.07,1.78,1.7,16,-0.25,2.04,1.95,1.91,1.85,2,3.74,3.75
EC,29/12/2018,Gateshead,Halifax,1,1,D,0,1,A,G Rhodes,1,3,0,0,1.6,4,5.25,1.57,4,5,1.6,3.55,5.25,1.63,3.73,5.67,1.63,3.7,5.5,1.65,3.7,5.4,34,1.67,1.61,4,3.69,5.75,5.2,31,2.12,2.03,1.8,1.73,16,-0.75,1.9,1.82,2.04,1.98,1.93,3.3,4.74
EC,29/12/2018,Harrogate,Fylde,1,2,A,0,0,D,P Gibbons,2,3,1,0,2.37,3.5,2.8,2.35,3.3,2.75,2.35,3.35,2.7,2.45,3.54,2.79,2.4,3.5,2.75,2.4,3.5,2.8,32,2.46,2.36,3.55,3.39,2.85,2.73,29,1.8,1.74,2.12,2.02,15,-0.25,2.17,2.05,1.81,1.74,2.28,3.76,3.05
EC,29/12/2018,Havant & Waterlooville,Bromley,0,3,A,0,1,A,J Smith,3,1,0,0,2.45,3.5,2.7,2.5,3.4,2.5,2.45,3.3,2.55,2.54,3.6,2.66,2.5,3.4,2.7,2.45,3.5,2.75,32,2.6,2.46,3.6,3.38,2.75,2.6,30,1.85,1.79,2.05,1.96,16,0,1.9,1.84,2.03,1.96,2.65,3.78,2.57
EC,29/12/2018,Maidenhead,Braintree Town,0,1,A,0,0,D,S Purkiss,1,0,0,0,2.04,3.4,3.6,2,3.3,3.5,2,3.2,3.45,2.08,3.36,3.66,2.05,3.3,3.6,2.1,3.4,3.4,34,2.21,2.04,3.4,3.28,3.7,3.44,33,2.1,2.01,1.81,1.75,16,-0.25,1.9,1.81,2.07,2,2.07,3.48,3.81
EC,29/12/2018,Sutton,Aldershot,2,1,H,2,1,H,G Parsons,3,2,0,0,1.5,4.2,6.5,1.45,4,6.75,1.5,3.85,6,1.49,3.97,7.05,1.5,4,7,1.5,4.2,6.5,34,1.57,1.49,4.3,3.98,7.05,6.2,32,1.88,1.79,2.05,1.96,16,-1,1.91,1.85,2.01,1.92,1.52,4.07,7.3
EC,29/12/2018,Wrexham,Solihull,1,0,H,0,0,D,D Bourne,1,0,0,0,2.1,3.25,3.5,2.05,3.2,3.4,2.1,3.05,3.45,2.17,3.16,3.67,2.15,3.1,3.6,2.15,3.2,3.5,34,2.21,2.11,3.3,3.11,3.7,3.45,31,2.45,2.3,1.62,1.57,16,-0.25,1.89,1.83,2.02,1.97,2.27,3.16,3.64
EC,01/01/2019,Aldershot,Maidenhead,0,0,D,0,0,D,S Allison,3,3,0,0,2.3,3.4,3,2.3,3.2,2.95,2.3,3.15,2.9,2.35,3.34,3.09,2.3,3.25,3.1,2.3,3.3,3.1,34,2.4,2.3,3.41,3.25,3.1,2.96,33,2,1.91,1.93,1.85,17,-0.25,2.08,1.98,1.89,1.82,2.24,3.67,3.19
EC,01/01/2019,Barnet,Boreham Wood,1,1,D,0,0,D,P Howard,2,2,0,0,2,3.4,3.75,2,3.1,3.8,1.95,3.05,3.75,2.02,3.23,4.03,2,3.2,4,2,3.25,3.9,35,2.2,2,3.4,3.14,4.03,3.78,31,2.38,2.24,1.66,1.6,16,-0.25,1.77,1.71,2.17,2.1,2.11,3.26,3.99
EC,01/01/2019,Braintree Town,Ebbsfleet,0,4,A,0,2,A,J Smith,1,0,0,0,4,3.4,1.9,3.75,3.2,1.95,3.75,3.3,1.9,3.86,3.6,1.93,3.75,3.5,1.95,3.9,3.4,1.95,34,4,3.74,3.6,3.34,2.01,1.94,30,2.12,2.04,1.85,1.73,17,0.5,1.91,1.84,2.02,1.95,4.33,3.71,1.88
EC,01/01/2019,Bromley,Sutton,2,1,H,1,1,D,C Brook,1,4,0,0,2.5,3.3,2.75,2.4,3.2,2.75,2.4,3.2,2.7,2.54,3.29,2.85,2.5,3.25,2.8,2.5,3.3,2.8,35,2.6,2.45,3.4,3.21,2.9,2.75,34,2.03,1.94,1.9,1.82,18,0,1.84,1.79,2.09,2.02,2.85,3.46,2.56
EC,01/01/2019,Eastleigh,Havant & Waterlooville,2,1,H,0,0,D,R Hulme,1,1,0,0,1.8,3.6,4.33,1.8,3.4,4.1,1.8,3.4,3.95,1.86,3.54,4.27,1.88,3.4,4.2,1.87,3.5,4.2,33,1.9,1.84,3.65,3.46,4.33,3.99,33,1.89,1.83,2.05,1.93,17,-0.5,1.9,1.84,2.01,1.95,1.78,3.94,4.55
EC,01/01/2019,Fylde,Barrow,0,0,D,0,0,D,M Edwards,1,2,0,0,1.55,4.2,5.5,1.57,3.75,5.5,1.6,3.65,4.95,1.63,3.7,5.65,1.62,3.8,5.5,1.62,3.9,5.25,35,1.68,1.6,4.2,3.73,6.2,5.29,34,1.88,1.81,2.04,1.95,18,-1,2.2,2.09,1.78,1.71,1.7,4.19,4.74
EC,01/01/2019,Halifax,Harrogate,1,1,D,0,1,A,J Johnson,1,1,0,0,4.2,3.5,1.85,3.8,3.5,1.85,3.8,3.45,1.85,3.97,3.64,1.9,3.9,3.5,1.91,3.9,3.5,1.93,35,4.2,3.81,3.65,3.45,1.96,1.89,34,2.04,1.95,1.91,1.81,17,0.5,1.95,1.9,1.97,1.89,3.44,3.54,2.18
EC,01/01/2019,Hartlepool,Gateshead,2,1,H,1,0,H,D Middleton,1,2,0,0,2.4,3.1,3.1,2.4,3.2,2.8,2.4,3.05,2.8,2.57,3.12,2.95,2.5,3.2,2.88,2.45,3.25,2.9,35,2.57,2.44,3.25,3.12,3.1,2.84,31,2.19,2.05,1.8,1.72,18,0,1.83,1.76,2.13,2.05,2.19,3.39,3.57
EC,01/01/2019,Leyton Orient,Dag and Red,1,0,H,1,0,H,D Rock,3,1,0,0,1.44,4.5,6.5,1.42,4.25,6.75,1.4,4.3,6.75,1.39,4.63,7.47,1.4,4.6,7.5,1.4,4.6,7.5,35,1.45,1.4,4.7,4.41,7.5,6.93,31,1.8,1.72,2.16,2.05,17,-1.25,2.04,1.97,1.9,1.84,1.46,4.69,7.02
EC,01/01/2019,Maidstone,Dover Athletic,0,1,A,0,0,D,G Parsons,2,2,0,0,2.87,3.2,2.45,2.7,3.1,2.5,2.75,3.1,2.45,2.9,3.1,2.63,2.88,3.1,2.55,2.8,3.2,2.55,35,2.9,2.76,3.25,3.11,2.63,2.5,31,2.2,2.07,1.76,1.7,18,0,2.07,2,1.87,1.81,3.64,3.34,2.19
EC,01/01/2019,Salford,Wrexham,2,0,H,1,0,H,A Miller,0,1,0,0,2,3.3,3.75,1.95,3.2,3.8,1.9,3.25,3.7,2,3.53,3.7,1.95,3.4,3.9,1.95,3.4,4,35,2.03,1.95,3.53,3.3,4,3.77,31,2.22,2.09,1.75,1.69,17,-0.5,2,1.95,1.93,1.84,2.13,3.49,3.63
EC,01/01/2019,Solihull,Chesterfield,2,2,D,1,0,H,W Finnie,1,3,0,0,1.9,3.4,4,1.95,3.25,3.7,1.9,3.2,3.95,1.95,3.3,4.21,1.91,3.25,4.2,1.93,3.3,4.2,35,1.98,1.92,3.4,3.24,4.21,3.95,31,2.23,2.12,1.75,1.67,17,-0.5,1.97,1.91,1.97,1.88,1.89,3.54,4.46
EC,05/01/2019,Bromley,Fylde,3,2,H,2,1,H,C Pollard,1,1,0,0,3.3,3.5,2.1,3.2,3.4,2.05,3.05,3.2,2.15,3.2,3.28,2.29,3.2,3.4,2.2,3.25,3.5,2.15,35,3.4,3.18,3.5,3.31,2.29,2.14,34,1.95,1.86,1.96,1.9,16,0.25,2,1.93,1.97,1.87,3.23,3.35,2.33
EC,05/01/2019,Chesterfield,Ebbsfleet,3,3,D,0,3,A,R Welch,2,1,1,0,2.45,3.3,2.8,2.4,3.2,2.8,2.4,3.05,2.75,2.55,3.29,2.83,2.5,3.25,2.75,2.45,3.25,2.9,34,2.56,2.44,3.3,3.18,2.95,2.78,30,2.22,2.11,1.75,1.68,16,0,1.84,1.78,2.1,2.02,2.9,3.47,2.48
EC,05/01/2019,Dag and Red,Boreham Wood,4,4,D,3,3,D,S Yianni,1,1,0,0,2.6,3.25,2.7,2.65,3,2.65,2.65,2.95,2.65,2.85,2.99,2.76,2.75,3.1,2.62,2.7,3.2,2.7,35,2.85,2.68,3.25,3,2.84,2.66,32,2.33,2.18,1.71,1.64,18,0,1.96,1.9,1.96,1.9,3.07,3.06,2.6
EC,05/01/2019,Gateshead,Maidenhead,0,1,A,0,1,A,D Richardson,2,3,0,0,1.61,3.75,5.5,1.57,3.7,5.5,1.6,3.55,5,1.65,3.73,5.29,1.63,3.7,5.5,1.65,3.75,5.4,35,1.7,1.62,3.85,3.65,5.5,5.18,34,2.04,1.94,1.9,1.82,17,-0.75,1.89,1.84,2.03,1.97,1.94,3.68,3.94
EC,05/01/2019,Halifax,Braintree Town,0,0,D,0,0,D,M Dicicco,2,4,0,0,1.95,3.5,3.75,1.95,3.4,3.5,1.95,3.2,3.6,2.03,3.34,3.79,2,3.3,3.8,1.95,3.4,3.9,35,2.05,1.97,3.5,3.31,3.91,3.66,32,2.16,2.05,1.8,1.72,17,-0.5,2.02,1.96,1.9,1.83,2.05,3.35,3.97
EC,05/01/2019,Hartlepool,Maidstone,1,2,A,1,2,A,D Bourne,1,3,0,0,1.66,3.6,5.25,1.67,3.4,5,1.7,3.45,4.6,1.73,3.63,4.81,1.73,3.5,5,1.73,3.6,5,35,1.77,1.7,3.7,3.5,5.34,4.78,34,2.05,1.98,1.86,1.78,17,-0.75,2.01,1.93,1.94,1.87,1.63,4.04,5.4
EC,05/01/2019,Havant & Waterlooville,Barrow,2,0,H,0,0,D,A Dale,0,3,0,1,2.9,3.4,2.37,2.8,3.25,2.35,2.7,3.25,2.35,2.8,3.54,2.45,2.8,3.4,2.4,2.88,3.3,2.45,32,2.9,2.78,3.54,3.32,2.52,2.38,32,2.03,1.94,1.91,1.82,17,0,2.12,2.05,1.83,1.76,3.27,3.52,2.23
EC,05/01/2019,Leyton Orient,Salford,0,3,A,0,2,A,R Hulme,4,3,0,0,2.25,3.4,3.1,2.2,3.3,3,2.2,3.25,3,2.27,3.36,3.21,2.25,3.3,3.2,2.25,3.4,3.13,35,2.3,2.22,3.45,3.3,3.21,3.05,34,2,1.91,1.95,1.85,17,-0.25,2.01,1.93,1.94,1.87,2.25,3.4,3.35
EC,05/01/2019,Solihull,Eastleigh,4,1,H,2,0,H,J Johnson,0,1,0,0,1.9,3.5,4,1.91,3.4,3.7,1.9,3.25,3.65,2.02,3.39,3.81,1.95,3.4,3.8,1.95,3.4,3.9,35,2.03,1.94,3.5,3.34,4,3.73,32,2.1,2.01,1.82,1.75,16,-0.5,2.01,1.94,1.92,1.85,1.71,4.05,4.71
EC,05/01/2019,Sutton,Harrogate,2,1,H,1,0,H,S Purkiss,0,2,0,0,2.4,3.4,2.8,2.35,3.3,2.75,2.25,3.25,2.85,2.35,3.4,3.04,2.35,3.3,3,2.38,3.4,2.9,35,2.4,2.33,3.45,3.29,3.05,2.87,33,2,1.89,1.95,1.86,15,-0.25,2.1,2.02,1.83,1.78,2.75,3.68,2.49
EC,05/01/2019,Wrexham,Dover Athletic,0,1,A,0,0,D,S Lucas,4,3,0,0,1.72,3.5,5,1.7,3.5,4.6,1.7,3.4,4.55,1.76,3.57,4.7,1.75,3.5,4.75,1.75,3.5,4.75,35,1.81,1.73,3.75,3.46,5,4.62,31,2.2,2.1,1.75,1.69,15,-0.75,2.07,1.99,1.86,1.81,1.69,3.79,5.34
EC,08/01/2019,Bromley,Wrexham,2,0,H,2,0,H,D Rock,1,2,0,0,2.7,3.3,2.6,2.95,3,2.4,2.75,3.05,2.45,2.95,3.18,2.58,2.88,3.2,2.5,2.88,3.3,2.45,34,3.05,2.8,3.3,3.13,2.6,2.47,32,2.07,1.99,1.85,1.78,15,0,2.1,2.03,1.83,1.77,2.61,3.31,2.85
EC,08/01/2019,Gateshead,Solihull,1,2,A,0,1,A,S Mather,2,3,0,0,3.4,3.4,2.1,3.4,3.4,2,3.25,3.2,2.05,3.31,3.57,2.16,3.4,3.4,2.1,3.4,3.3,2.15,35,3.5,3.29,3.57,3.34,2.2,2.09,31,2.15,2.06,1.8,1.72,16,0.25,2.02,1.96,1.9,1.83,3.19,3.43,2.31
EC,15/01/2019,Maidstone,Maidenhead,2,4,A,1,3,A,P Howard,1,1,1,1,2.6,3.25,2.7,2.45,3.3,2.65,2.5,3,2.7,2.57,3.17,2.97,2.55,3.1,2.88,2.6,3.2,2.75,35,2.65,2.53,3.3,3.09,2.97,2.75,31,2.26,2.13,1.72,1.67,19,0,1.88,1.82,2.08,1.98,2.64,3.29,2.82
EC,19/01/2019,Aldershot,Chesterfield,0,2,A,0,1,A,J Smith,2,1,0,0,2.62,3.25,2.62,2.65,3.2,2.5,2.55,3.05,2.6,2.61,3.21,2.79,2.55,3.2,2.75,2.63,3.25,2.7,35,2.7,2.57,3.3,3.15,2.79,2.64,32,2.18,2.07,1.76,1.7,18,0,1.94,1.87,2.02,1.92,3.27,3.4,2.29
EC,19/01/2019,Barrow,Halifax,0,0,D,0,0,D,K Silcock,1,1,0,0,1.85,3.4,4.33,1.8,3.5,4,1.8,3.2,4.35,1.85,3.33,4.57,1.83,3.4,4.5,1.83,3.4,4.5,35,1.89,1.81,3.5,3.31,4.7,4.32,32,2.35,2.23,1.67,1.6,17,-0.5,1.86,1.81,2.06,1.98,1.85,3.44,4.76
EC,19/01/2019,Boreham Wood,Havant & Waterlooville,1,3,A,0,2,A,A Miller,1,1,0,0,1.57,3.6,6.5,1.57,3.8,5.25,1.6,3.6,5,1.62,3.76,5.47,1.63,3.7,5.5,1.67,3.8,5,32,1.68,1.62,3.85,3.66,6.5,5.16,31,2.04,1.95,1.9,1.81,17,-0.75,1.92,1.84,2.04,1.96,1.79,3.53,4.98
EC,19/01/2019,Braintree Town,Barnet,4,0,H,2,0,H,C Brook,2,3,0,1,4.2,3.5,1.85,4,3.4,1.83,3.95,3.3,1.85,4.3,3.35,1.94,4.2,3.4,1.88,4.1,3.5,1.9,35,4.3,3.97,3.5,3.33,1.96,1.88,32,2.18,2.08,1.76,1.69,17,0.5,1.98,1.9,1.96,1.89,4.82,3.57,1.81
EC,19/01/2019,Dover Athletic,Bromley,1,1,D,1,1,D,A Quelch,1,2,2,0,2.5,3.4,2.7,2.45,3.3,2.65,2.4,3.2,2.65,2.54,3.36,2.75,2.55,3.3,2.7,2.55,3.4,2.7,35,2.6,2.48,3.4,3.25,2.85,2.66,33,1.96,1.87,1.95,1.88,18,0,1.9,1.84,2.03,1.95,2.59,3.39,2.81
EC,19/01/2019,Eastleigh,Sutton,3,2,H,1,1,D,J Oldham,2,1,0,0,2.75,3.2,2.6,2.7,3.25,2.4,2.65,3.1,2.5,2.75,3.36,2.55,2.75,3.25,2.55,2.75,3.3,2.55,35,2.8,2.69,3.36,3.2,2.6,2.49,32,2.15,2.05,1.78,1.72,18,0,2.04,1.96,1.9,1.83,2.7,3.15,2.87
EC,19/01/2019,Ebbsfleet,Leyton Orient,2,0,H,1,0,H,G Parsons,1,1,0,0,3,3.4,2.3,2.9,3.2,2.3,2.85,3.15,2.35,2.83,3.4,2.45,2.88,3.3,2.4,2.9,3.3,2.45,34,3,2.83,3.4,3.24,2.49,2.37,31,2.1,2.01,1.81,1.74,16,0.25,1.79,1.73,2.13,2.06,2.84,3.19,2.7
EC,19/01/2019,Fylde,Wrexham,2,0,H,1,0,H,M Woods,0,1,0,0,2.1,3.2,3.6,2.1,3.2,3.3,2.05,3.15,3.45,2.11,3.37,3.49,2.15,3.3,3.4,2.15,3.25,3.5,35,2.17,2.09,3.38,3.22,3.65,3.37,32,2.3,2.19,1.7,1.63,17,-0.25,1.9,1.82,2.04,1.98,2.5,3.2,3.08
EC,19/01/2019,Harrogate,Hartlepool,3,1,H,1,0,H,L Doughty,1,0,0,0,1.7,4,4.33,1.67,3.75,4.4,1.7,3.65,4.25,1.78,3.93,4.11,1.75,3.75,4.4,1.75,3.75,4.5,35,1.85,1.73,4,3.71,4.55,4.22,33,1.89,1.81,2.02,1.94,17,-0.75,2.05,1.96,1.91,1.84,1.81,3.98,4.21
EC,19/01/2019,Maidenhead,Solihull,1,2,A,1,1,D,L Wood,1,2,0,0,4.33,3.4,1.85,3.5,3.4,1.95,3.7,3.4,1.85,3.79,3.67,1.91,3.8,3.6,1.91,3.8,3.5,1.95,35,4.33,3.74,3.67,3.45,1.98,1.89,33,2,1.91,1.92,1.84,15,0.5,1.93,1.88,1.99,1.89,4.97,3.85,1.72
EC,19/01/2019,Maidstone,Dag and Red,0,3,A,0,1,A,S Allison,2,2,0,0,3,3.2,2.4,2.6,3.25,2.5,2.8,3.1,2.4,2.86,3.38,2.44,2.9,3.25,2.4,3,3.25,2.4,32,3,2.83,3.38,3.18,2.5,2.39,30,2.18,2.06,1.76,1.7,15,0,2.16,2.07,1.8,1.72,3.34,3.43,2.24
EC,19/01/2019,Salford,Gateshead,1,1,D,1,1,D,P Gibbons,0,3,0,0,1.53,3.8,6.5,1.57,3.75,5.25,1.55,3.9,5.25,1.56,4.16,5.33,1.52,4.2,5.8,1.53,4.1,6,35,1.6,1.54,4.35,3.97,6.5,5.44,34,1.86,1.77,2.1,1.99,17,-1,2.01,1.93,2,1.84,1.56,4.37,5.73
EC,26/01/2019,Bromley,Eastleigh,0,1,A,0,0,D,J Smith,0,1,0,0,2.1,3.5,3.3,2.05,3.3,3.3,2.1,3.25,3.15,2.22,3.44,3.18,2.15,3.4,3.25,2.1,3.5,3.3,34,2.22,2.1,3.5,3.34,3.45,3.23,32,1.95,1.89,1.95,1.86,16,-0.25,1.94,1.85,2.06,1.94,2.11,3.71,3.4
EC,26/01/2019,Chesterfield,Barrow,0,0,D,0,0,D,T Reeves,0,2,0,1,2.05,3.5,3.4,2.15,3.2,3.2,2.1,3.2,3.2,2.21,3.47,3.17,2.15,3.4,3.3,2.15,3.3,3.4,34,2.23,2.13,3.5,3.27,3.4,3.21,31,2.16,2.06,1.77,1.71,17,-0.25,1.96,1.86,2.02,1.94,1.91,3.79,3.96
EC,26/01/2019,Dag and Red,Aldershot,1,1,D,0,0,D,P Howard,1,3,0,0,1.75,3.75,4.33,1.75,3.5,4.25,1.65,3.6,4.6,1.68,3.88,4.66,1.7,3.7,4.8,1.7,3.7,5,34,1.76,1.69,3.95,3.66,5,4.57,31,2.07,1.99,1.85,1.76,16,-0.5,1.76,1.68,2.2,2.12,1.96,3.47,4.13
EC,26/01/2019,Gateshead,Boreham Wood,1,1,D,0,1,A,J Hull,2,1,0,0,2.15,3.5,3.2,2.15,3.2,3.25,2.05,3.1,3.4,2.07,3.35,3.64,2.1,3.25,3.5,2.15,3.25,3.5,34,2.2,2.11,3.5,3.19,3.65,3.35,31,2.33,2.2,1.7,1.62,17,-0.25,1.88,1.82,2.06,1.97,2.47,3.29,3.04
EC,26/01/2019,Halifax,Salford,0,0,D,0,0,D,J Oldham,1,1,0,0,4.2,3.5,1.85,3.8,3.5,1.85,3.75,3.4,1.85,3.7,3.78,1.9,3.9,3.6,1.88,4,3.6,1.87,34,4.2,3.79,3.78,3.49,1.95,1.87,32,1.98,1.9,1.95,1.85,17,0.5,1.97,1.91,1.93,1.88,4.2,4.09,1.79
EC,26/01/2019,Hartlepool,Braintree Town,2,1,H,0,1,A,R Welch,2,2,0,0,1.57,3.8,6,1.6,3.7,5.25,1.6,3.55,5.25,1.61,3.71,5.65,1.62,3.6,5.8,1.62,3.75,5.75,34,1.67,1.6,3.85,3.63,6,5.37,31,2.15,2.06,1.78,1.71,16,-0.75,1.87,1.81,2.05,1.99,2.05,3.59,3.67
EC,26/01/2019,Havant & Waterlooville,Dover Athletic,0,0,D,0,0,D,W Finnie,1,3,1,0,2.6,3.2,2.75,2.45,3.2,2.7,2.35,3.15,2.8,2.35,3.54,2.87,2.45,3.4,2.75,2.5,3.3,2.8,32,2.6,2.42,3.54,3.24,2.95,2.75,30,2.1,2.01,1.84,1.74,16,-0.25,2.17,2.09,1.79,1.72,2.92,3.51,2.44
EC,26/01/2019,Leyton Orient,Maidstone,3,0,H,1,0,H,L Doughty,3,1,0,0,1.36,5,7.5,1.33,4.75,8,1.35,4.5,7,1.34,5.12,7.45,1.35,5,8,1.36,4.8,8.5,32,1.4,1.35,5.2,4.72,8.5,7.47,30,1.8,1.74,2.12,2.02,17,-1.5,2.2,2.1,1.78,1.69,1.35,5.42,8
EC,26/01/2019,Solihull,Fylde,1,2,A,0,0,D,R Hulme,3,1,0,0,2.05,3.5,3.4,2.05,3.3,3.3,2.1,3.2,3.25,2.18,3.35,3.35,2.15,3.4,3.3,2.1,3.5,3.4,34,2.2,2.11,3.5,3.29,3.4,3.25,31,2.05,1.96,1.9,1.79,17,-0.25,1.94,1.83,2.05,1.97,2.17,3.61,3.33
EC,26/01/2019,Sutton,Ebbsfleet,1,0,H,0,0,D,D Middleton,1,3,0,0,2.6,3.3,2.62,2.45,3.3,2.65,2.55,3.2,2.55,2.71,3.41,2.55,2.6,3.25,2.7,2.55,3.3,2.7,33,2.71,2.54,3.41,3.24,2.8,2.6,31,2.05,1.96,1.87,1.8,15,0,1.98,1.89,2,1.9,2.77,3.31,2.68
EC,26/01/2019,Wrexham,Maidenhead,1,0,H,0,0,D,G Rhodes,1,1,0,0,1.5,4,6,1.53,3.9,5.5,1.55,3.7,5.75,1.55,3.86,6.04,1.53,3.8,6.5,1.53,3.9,6.5,34,1.6,1.54,4,3.8,6.5,5.74,32,2.1,2,1.83,1.76,18,-1,2.06,1.96,1.92,1.83,1.69,3.8,5.27
EC,02/02/2019,Dover Athletic,Gateshead,1,2,A,1,0,H,S Yianni,1,1,0,0,2.3,3.4,2.9,2.45,3.3,2.65,2.3,3.05,2.95,2.4,3.23,3.05,2.38,3.2,3,2.38,3.2,3.1,33,2.45,2.35,3.4,3.16,3.1,2.91,31,2.25,2.17,1.7,1.63,16,-0.25,2.07,2.01,1.85,1.79,2.17,3.59,3.34
