Div,Date,HomeTeam,AwayTeam,FTHG,FTAG,FTR,HTHG,HTAG,HTR,Referee,HS,AS,HST,AST,HF,AF,HC,AC,HY,AY,HR,AR,B365H,B365D,B365A,BWH,BWD,BWA,IWH,IWD,IWA,PSH,PSD,PSA,WHH,WHD,WHA,VCH,VCD,VCA,Bb1X2,BbMxH,BbAvH,BbMxD,BbAvD,BbMxA,BbAvA,BbOU,BbMx>2.5,BbAv>2.5,BbMx<2.5,BbAv<2.5,BbAH,BbAHh,BbMxAHH,BbAvAHH,BbMxAHA,BbAvAHA,PSCH,PSCD,PSCA
E1,03/08/2018,Reading,Derby,1,2,A,0,0,D,R Jones,8,11,5,3,14,16,2,4,3,4,0,0,3.6,3.3,2.25,3.5,3.2,2.2,3.4,3.15,2.15,3.61,3.33,2.23,3.5,3.2,2.2,3.6,3.3,2.25,41,3.75,3.44,3.36,3.23,2.28,2.21,38,2.25,2.18,1.73,1.67,20,0.25,2.01,1.96,1.95,1.88,3.78,3.29,2.19
E1,04/08/2018,Birmingham,Norwich,2,2,D,0,0,D,P Bankes,16,16,7,7,15,10,4,4,0,3,0,0,2.6,3.3,3,2.4,3.25,2.9,2.45,3.05,2.85,2.61,3.2,3.04,2.5,3.2,2.88,2.55,3.3,3,40,2.65,2.51,3.3,3.16,3.04,2.9,35,2.35,2.21,1.7,1.64,19,-0.25,2.23,2.15,1.77,1.72,2.86,3.14,2.79
E1,04/08/2018,Brentford,Rotherham,5,1,H,2,0,H,O Langford,14,9,10,5,15,10,13,3,0,2,0,0,1.5,4.75,7,1.48,4.1,6.5,1.48,4.25,5.9,1.52,4.45,6.92,1.5,4.4,5.8,1.5,4.75,6.5,38,1.55,1.5,4.75,4.33,7.08,6.32,35,1.7,1.64,2.26,2.21,22,-1,1.89,1.83,2.09,2.01,1.56,4.38,6.3
E1,04/08/2018,Bristol City,Nott'm Forest,1,1,D,1,0,H,D Bond,18,16,6,6,8,17,7,9,0,4,0,0,2.6,3.4,2.87,2.5,3.25,2.75,2.45,3.15,2.8,2.57,3.29,3,2.5,3.25,2.8,2.55,3.4,3,41,2.66,2.53,3.4,3.23,3,2.83,38,2.13,2.02,1.83,1.77,19,-0.25,2.25,2.16,1.77,1.71,2.77,3.33,2.74
E1,04/08/2018,Ipswich,Blackburn,2,2,D,1,2,A,A Davies,9,6,3,2,11,21,3,0,2,3,0,0,2.75,3.25,2.8,2.5,3.25,2.75,2.6,3.05,2.7,2.8,3.17,2.83,2.75,3,2.7,2.75,3.25,2.8,40,2.8,2.68,3.25,3.12,2.83,2.74,36,2.28,2.2,1.7,1.65,18,-0.25,2.36,2.28,1.69,1.65,3.23,3.15,2.51
E1,04/08/2018,Millwall,Middlesbrough,2,2,D,2,0,H,K Friend,9,12,2,3,13,6,6,6,3,2,0,0,2.75,3.2,2.87,2.7,3.1,2.65,2.65,2.95,2.7,2.84,3.1,2.85,2.7,3.1,2.7,2.8,3.2,2.8,41,2.85,2.74,3.2,3.05,2.87,2.73,35,2.46,2.32,1.63,1.58,19,0,1.97,1.92,1.98,1.92,2.75,3.05,2.99
E1,04/08/2018,Preston,QPR,1,0,H,0,0,D,D England,15,8,3,2,15,13,6,4,0,2,0,0,1.9,3.6,4.5,1.95,3.3,3.9,1.85,3.35,4.1,1.93,3.53,4.49,1.85,3.6,4,1.95,3.6,4.2,41,1.96,1.91,3.6,3.43,4.5,4.09,38,2.13,2.02,1.84,1.77,18,-0.5,1.97,1.92,1.99,1.93,1.97,3.58,4.18
E1,04/08/2018,Sheffield United,Swansea,1,2,A,0,0,D,J Simpson,12,9,2,4,6,6,5,1,0,0,0,0,2.25,3.4,3.5,2.3,3.2,3.25,2.2,3.1,3.3,2.26,3.3,3.56,2.25,3.3,3.2,2.25,3.4,3.5,41,2.3,2.23,3.4,3.22,3.56,3.36,37,2.29,2.19,1.72,1.66,20,-0.25,1.97,1.92,1.98,1.92,1.99,3.48,4.23
E1,04/08/2018,West Brom,Bolton,1,2,A,1,1,D,G Eltringham,20,11,3,4,9,14,10,6,1,0,0,0,1.44,4.5,9,1.44,4.2,7.5,1.45,4.2,6.8,1.45,4.53,8.52,1.4,4.5,7.5,1.45,4.5,8,41,1.5,1.44,4.53,4.3,9,7.54,39,2,1.89,1.96,1.89,21,-1,1.8,1.75,2.18,2.1,1.43,4.39,9.84
E1,04/08/2018,Wigan,Sheffield Weds,3,2,H,2,1,H,T Robinson,21,8,10,4,12,12,3,3,1,3,0,1,2.2,3.4,3.6,2.2,3.25,3.3,2.15,3.1,3.35,2.23,3.28,3.66,2.2,3.3,3.3,2.25,3.4,3.5,41,2.25,2.2,3.4,3.23,3.66,3.41,37,2.25,2.18,1.72,1.66,20,-0.25,1.95,1.89,2.02,1.96,2.11,3.36,3.93
E1,05/08/2018,Leeds,Stoke,3,1,H,2,0,H,S Duncan,11,9,5,5,14,8,3,3,0,0,0,0,2.75,3.3,2.8,2.6,3.25,2.65,2.65,3.15,2.6,2.81,3.25,2.76,2.7,3.2,2.62,2.7,3.3,2.63,39,2.81,2.7,3.3,3.2,2.8,2.65,35,2.13,2.05,1.81,1.75,18,0.25,1.7,1.66,2.34,2.26,2.97,3.31,2.59
E1,06/08/2018,Hull,Aston Villa,1,3,A,1,1,D,A Madley,11,9,3,5,12,9,4,2,0,2,0,0,2.75,3.3,2.8,2.55,3.2,2.75,2.55,3.15,2.75,2.72,3.24,2.86,2.6,3.2,2.75,2.6,3.3,2.75,39,2.75,2.61,3.3,3.19,2.86,2.76,34,2.16,2.06,1.8,1.73,18,-0.25,2.31,2.24,1.71,1.66,3.21,3.27,2.45
E1,07/08/2018,Middlesbrough,Sheffield United,3,0,H,3,0,H,R Jones,13,17,5,4,10,13,7,6,0,3,0,0,2.25,3.3,3.6,2.05,3.3,3.6,2.15,3.1,3.4,2.26,3.28,3.6,2.2,3.1,3.5,2.25,3.3,3.6,37,2.3,2.2,3.3,3.17,3.73,3.46,34,2.38,2.25,1.67,1.62,18,-0.25,1.95,1.9,1.99,1.95,2.51,3.21,3.17
E1,07/08/2018,Nott'm Forest,West Brom,1,1,D,0,0,D,D England,20,10,5,2,12,10,7,6,2,1,0,0,2.54,3.3,3,2.45,3.2,2.9,2.45,3.05,2.9,2.56,3.22,3.07,2.4,3.2,3,2.55,3.2,3,36,2.57,2.48,3.3,3.16,3.1,2.95,34,2.22,2.13,1.75,1.69,16,-0.25,2.19,2.12,1.8,1.75,2.78,3.27,2.78
E1,11/08/2018,Aston Villa,Wigan,3,2,H,1,1,D,J Simpson,17,10,6,3,17,16,3,4,1,4,0,0,2,3.5,4.1,1.95,3.4,4.2,1.95,3.3,3.8,2.02,3.39,4.25,2,3.3,3.75,2.05,3.5,4,39,2.05,1.99,3.5,3.36,4.25,3.91,37,2.11,2.03,1.85,1.78,19,-0.25,1.77,1.72,2.24,2.15,1.97,3.49,4.33
E1,11/08/2018,Blackburn,Millwall,0,0,D,0,0,D,G Ward,10,7,4,0,13,13,7,1,0,1,0,0,2.54,3.25,3.1,2.35,3.3,3.1,2.45,3.05,2.9,2.59,3.17,3.09,2.5,3,3,2.55,3.25,3.1,38,2.6,2.47,3.3,3.12,3.2,3.03,35,2.3,2.19,1.73,1.67,20,-0.25,2.19,2.1,1.81,1.77,2.62,3.18,3.04
E1,11/08/2018,Bolton,Bristol City,2,2,D,0,0,D,J Brooks,7,16,2,5,20,6,4,10,6,2,0,0,3,3.3,2.6,2.85,3.2,2.6,2.85,3.15,2.45,2.96,3.29,2.61,3,3,2.5,3,3.3,2.55,39,3.1,2.9,3.31,3.22,2.65,2.51,36,2.19,2.1,1.77,1.71,19,0.25,1.77,1.73,2.22,2.14,2.96,3.09,2.75
E1,11/08/2018,Derby,Leeds,1,4,A,1,2,A,P Bankes,12,17,4,7,10,19,3,5,4,2,0,0,2.14,3.5,3.7,2,3.5,3.7,2.05,3.3,3.4,2.14,3.52,3.65,2.1,3.3,3.5,2.15,3.5,3.6,37,2.2,2.1,3.52,3.4,3.7,3.51,36,2.01,1.96,1.93,1.84,19,-0.25,1.86,1.82,2.08,2.03,2.34,3.5,3.15
E1,11/08/2018,Middlesbrough,Birmingham,1,0,H,1,0,H,A Madley,10,11,2,4,9,11,3,9,0,1,0,1,1.72,3.6,6,1.72,3.6,5.25,1.67,3.45,5.3,1.69,3.76,5.91,1.67,3.6,5.5,1.73,3.75,5.5,38,1.75,1.7,3.76,3.55,6,5.43,32,2.36,2.26,1.67,1.61,20,-0.75,1.96,1.91,1.99,1.93,1.7,3.61,6.21
E1,11/08/2018,Norwich,West Brom,3,4,A,1,1,D,L Mason,20,13,10,7,12,14,4,2,0,0,0,0,2.75,3.3,2.8,2.65,3.2,2.75,2.6,3.1,2.7,2.72,3.32,2.8,2.62,3.25,2.7,2.75,3.3,2.8,38,2.76,2.66,3.32,3.18,2.81,2.74,35,2.23,2.13,1.76,1.7,19,-0.25,2.33,2.26,1.7,1.66,2.84,3.34,2.67
E1,11/08/2018,Nott'm Forest,Reading,1,0,H,0,0,D,S Martin,12,8,3,3,15,11,6,4,0,1,0,0,1.66,3.8,6,1.67,3.7,5.5,1.65,3.55,5.3,1.68,3.8,6.04,1.65,3.7,5.5,1.7,3.8,5.75,39,1.7,1.66,3.8,3.67,6.04,5.55,36,2.17,2.09,1.8,1.72,20,-0.75,1.9,1.86,2.04,1.98,1.6,4.19,6.18
E1,11/08/2018,QPR,Sheffield United,1,2,A,1,1,D,S Duncan,14,8,6,5,12,11,4,6,1,1,0,0,2.87,3.4,2.62,2.75,3.3,2.55,2.7,3.2,2.5,2.86,3.34,2.65,2.8,3.25,2.5,2.8,3.4,2.63,36,2.87,2.77,3.4,3.27,2.7,2.57,34,2.06,2,1.88,1.79,19,0.25,1.73,1.69,2.26,2.2,2.84,3.3,2.7
E1,11/08/2018,Rotherham,Ipswich,1,0,H,0,0,D,D Webb,10,16,4,3,8,9,0,12,2,0,0,0,2.4,3.3,3.25,2.45,3,3.1,2.3,3.1,3.05,2.37,3.39,3.24,2.3,3.2,3.1,2.4,3.4,3.2,38,2.46,2.38,3.4,3.2,3.25,3.11,32,2.3,2.22,1.7,1.63,20,-0.25,2.1,2.02,1.88,1.83,2.48,3.22,3.21
E1,11/08/2018,Sheffield Weds,Hull,1,1,D,0,1,A,S Attwell,12,16,6,4,5,7,5,6,3,1,0,0,2.37,3.3,3.3,2.3,3.3,3.1,2.25,3.25,3,2.33,3.48,3.24,2.38,3.4,2.9,2.4,3.4,3.13,39,2.4,2.31,3.48,3.33,3.3,3.09,37,2,1.95,1.93,1.85,20,-0.25,2.06,1.99,1.91,1.85,2.51,3.44,2.97
E1,11/08/2018,Stoke,Brentford,1,1,D,1,0,H,A Davies,9,17,3,5,15,6,2,6,2,0,0,0,2.3,3.5,3.3,2.2,3.4,3.25,2.2,3.35,3.05,2.29,3.49,3.3,2.25,3.4,3.1,2.3,3.5,3.25,39,2.3,2.24,3.54,3.41,3.31,3.19,36,1.84,1.77,2.11,2.03,21,-0.25,1.98,1.93,1.96,1.92,2.46,3.38,3.09
E1,11/08/2018,Swansea,Preston,1,0,H,1,0,H,J Linington,10,12,7,5,6,14,4,5,0,1,0,0,2.45,3.3,3.2,2.3,3.2,3.2,2.35,3.1,3.05,2.45,3.29,3.18,2.38,3.25,3,2.45,3.3,3.2,39,2.5,2.37,3.3,3.2,3.25,3.13,36,2.2,2.12,1.78,1.71,21,-0.25,2.09,2.04,1.86,1.82,2.58,3.29,3
E1,17/08/2018,Birmingham,Swansea,0,0,D,0,0,D,D England,17,6,6,0,13,11,10,1,1,1,0,0,3.1,3.3,2.5,2.95,3.25,2.4,2.85,3.1,2.45,3.12,3.35,2.45,2.9,3.2,2.45,3.1,3.3,2.5,40,3.25,3,3.35,3.21,2.6,2.45,38,2.21,2.15,1.77,1.69,19,0.25,1.81,1.77,2.14,2.08,2.67,3.35,2.84
E1,18/08/2018,Bristol City,Middlesbrough,0,2,A,0,2,A,O Langford,18,13,4,3,9,11,4,4,1,2,0,0,2.9,3.4,2.6,2.7,3.2,2.65,2.65,3.05,2.65,2.93,3.23,2.68,2.75,3.2,2.6,2.88,3.3,2.63,41,2.95,2.79,3.4,3.16,2.75,2.63,37,2.26,2.2,1.71,1.66,19,0.25,1.73,1.67,2.33,2.23,2.9,3.19,2.72
E1,18/08/2018,Hull,Blackburn,0,1,A,0,1,A,D Coote,10,16,3,7,12,13,5,1,1,3,0,0,2.4,3.4,3.2,2.25,3.3,3.25,2.25,3.15,3.1,2.35,3.36,3.32,2.3,3.3,3.1,2.38,3.4,3.2,41,2.4,2.3,3.4,3.3,3.32,3.17,38,2.14,2.04,1.83,1.76,20,-0.25,2.04,1.98,1.91,1.86,2.58,3.25,3.03
E1,18/08/2018,Ipswich,Aston Villa,1,1,D,1,1,D,T Robinson,9,10,1,3,13,15,2,7,1,2,1,0,3.9,3.4,2.1,3.8,3.25,2.05,3.75,3.2,2,4.22,3.33,2.05,3.75,3.2,2.05,3.9,3.4,2.1,41,4.22,3.84,3.4,3.27,2.1,2.04,37,2.31,2.22,1.7,1.65,19,0.25,2.21,2.12,1.8,1.74,3.84,3.24,2.19
E1,18/08/2018,Leeds,Rotherham,2,0,H,0,0,D,R Jones,17,9,7,4,10,8,7,1,0,1,0,0,1.44,4.75,8,1.4,4.75,7.25,1.43,4.4,6.5,1.43,4.84,8.34,1.44,4.33,7,1.44,4.8,7.5,41,1.46,1.43,5,4.65,8.67,7.26,35,1.63,1.59,2.43,2.31,20,-1.25,2.01,1.95,1.95,1.9,1.4,5,8.88
E1,18/08/2018,Millwall,Derby,2,1,H,2,0,H,S Martin,12,12,4,4,15,10,4,10,1,1,0,0,2.4,3.3,3.3,2.25,3.25,3.2,2.25,3.15,3.1,2.38,3.27,3.34,2.3,3.3,3.1,2.38,3.3,3.3,41,2.4,2.3,3.35,3.24,3.34,3.21,38,2.15,2.07,1.81,1.74,20,-0.25,2.02,1.97,1.92,1.87,2.33,3.3,3.42
E1,18/08/2018,Preston,Stoke,2,2,D,2,1,H,A Madley,15,8,6,3,13,15,4,2,2,3,0,0,2.5,3.3,3.1,2.4,3.25,2.95,2.4,3.15,2.95,2.5,3.26,3.15,2.45,3.3,2.88,2.5,3.4,3,41,2.6,2.46,3.4,3.21,3.15,2.98,37,2.27,2.18,1.73,1.66,20,-0.25,2.14,2.1,1.81,1.77,2.34,3.23,3.46
E1,18/08/2018,Reading,Bolton,0,1,A,0,0,D,J Linington,15,9,3,4,11,15,5,3,2,1,0,0,2.1,3.4,4,2.1,3.3,3.6,1.97,3.2,3.8,2.11,3.38,3.9,2.05,3.4,3.6,2.05,3.4,4,41,2.15,2.06,3.4,3.29,4.02,3.78,36,2.33,2.26,1.67,1.62,19,-0.25,1.8,1.76,2.18,2.1,1.94,3.57,4.35
E1,18/08/2018,Sheffield United,Norwich,2,1,H,1,1,D,D Bond,14,11,5,2,15,7,9,4,2,2,0,0,2.1,3.5,3.75,2,3.25,3.9,1.95,3.4,3.65,2.1,3.56,3.72,2.1,3.4,3.4,2.15,3.5,3.6,41,2.15,2.07,3.56,3.41,3.9,3.59,39,1.96,1.88,1.98,1.91,19,-0.25,1.84,1.78,2.14,2.07,2.2,3.44,3.56
E1,18/08/2018,West Brom,QPR,7,1,H,1,1,D,T Harrington,15,6,9,2,14,15,3,5,2,1,0,0,1.66,3.8,6,1.6,3.7,6,1.63,3.7,5.1,1.69,3.84,5.7,1.7,3.8,4.8,1.7,3.9,5.4,41,1.7,1.66,4,3.78,6,5.31,39,1.95,1.89,1.96,1.9,21,-1,2.28,2.17,1.76,1.7,1.75,3.64,5.54
E1,18/08/2018,Wigan,Nott'm Forest,2,2,D,2,1,H,G Eltringham,17,9,4,4,18,18,8,14,2,4,0,0,2.5,3.4,3,2.5,3.2,2.85,2.45,3.15,2.85,2.53,3.31,3.05,2.45,3.4,2.8,2.5,3.4,3,40,2.6,2.47,3.4,3.25,3.1,2.9,37,2.11,2.06,1.82,1.75,19,0,1.81,1.77,2.17,2.09,2.4,3.43,3.15
E1,19/08/2018,Brentford,Sheffield Weds,2,0,H,1,0,H,D Webb,14,4,9,1,11,9,9,0,1,1,0,0,1.53,4.2,7.5,1.5,4,6.75,1.53,4.1,5.5,1.57,4.25,6.45,1.55,3.8,5.8,1.57,3.9,6.25,40,1.59,1.55,4.3,4.07,7.5,6,36,1.73,1.67,2.23,2.15,20,-1,1.98,1.92,1.96,1.92,1.59,4.3,6.08
E1,21/08/2018,Derby,Ipswich,2,0,H,0,0,D,S Duncan,10,11,2,2,10,10,4,4,2,2,0,0,1.9,3.4,4.75,1.85,3.4,4.5,1.83,3.4,4.2,1.91,3.48,4.67,1.85,3.4,4.33,1.9,3.5,4.6,40,1.95,1.87,3.56,3.4,4.75,4.45,38,2.17,2.07,1.8,1.75,19,-0.75,2.21,2.14,1.78,1.73,2.06,3.23,4.36
E1,21/08/2018,QPR,Bristol City,0,3,A,0,1,A,P Bankes,14,11,4,5,16,10,2,3,1,3,0,0,2.54,3.3,3,2.4,3.3,2.9,2.35,3.25,2.9,2.5,3.36,3.04,2.5,3.3,2.8,2.5,3.4,3,40,2.55,2.44,3.4,3.29,3.05,2.92,39,2.01,1.93,1.94,1.86,21,-0.25,2.16,2.1,1.8,1.77,2.42,3.39,3.15
E1,21/08/2018,Rotherham,Hull,2,3,A,1,2,A,J Simpson,15,14,4,6,11,10,7,4,1,1,0,0,3.1,3.3,2.5,3,3.2,2.4,2.9,3.2,2.35,3.1,3.38,2.46,2.8,3.4,2.45,3,3.3,2.5,40,3.1,2.96,3.4,3.27,2.55,2.44,39,2.1,1.94,1.94,1.85,19,0.25,1.81,1.77,2.14,2.09,3.04,3.48,2.45
E1,21/08/2018,Swansea,Leeds,2,2,D,1,1,D,A Davies,12,8,4,3,13,17,2,5,0,4,0,0,3.2,3.5,2.35,3.1,3.3,2.3,3,3.35,2.25,3.2,3.51,2.33,2.9,3.4,2.38,3.1,3.5,2.4,40,3.3,3.08,3.52,3.38,2.42,2.31,39,1.88,1.81,2.07,1.98,20,0.25,1.91,1.85,2.05,1.99,3.13,3.65,2.31
E1,22/08/2018,Aston Villa,Brentford,2,2,D,1,1,D,J Moss,16,13,7,7,9,18,13,6,3,2,0,0,2.54,3.5,2.9,2.5,3.3,2.8,2.5,3.25,2.7,2.57,3.43,2.9,2.45,3.3,2.8,2.5,3.5,2.88,41,2.65,2.5,3.5,3.32,2.9,2.8,39,2,1.91,1.97,1.88,20,-0.25,2.23,2.16,1.76,1.72,2.62,3.52,2.77
E1,22/08/2018,Blackburn,Reading,2,2,D,0,2,A,O Langford,16,8,4,4,7,9,6,1,1,0,0,0,1.72,3.75,5.5,1.72,3.5,5.25,1.7,3.4,4.9,1.76,3.65,5.5,1.7,3.7,5,1.75,3.75,5.25,41,1.79,1.74,3.75,3.53,5.5,5.1,36,2.27,2.18,1.71,1.66,20,-0.75,2.03,1.97,1.92,1.87,1.99,3.34,4.49
E1,22/08/2018,Bolton,Birmingham,1,0,H,0,0,D,L Probert,8,18,4,6,11,15,3,10,2,3,0,0,3.1,3.1,2.62,2.9,3,2.6,2.85,3,2.5,2.98,3.18,2.67,3,3,2.5,3,3.13,2.63,41,3.1,2.91,3.2,3.06,2.75,2.59,35,2.56,2.41,1.62,1.54,19,0.25,1.76,1.7,2.29,2.19,3.17,3.11,2.61
E1,22/08/2018,Norwich,Preston,2,0,H,0,0,D,G Ward,12,9,4,3,13,16,11,4,2,2,0,0,2.4,3.4,3.2,2.35,3.3,3,2.35,3.2,2.9,2.48,3.34,3.1,2.45,3.3,2.9,2.4,3.4,3.1,41,2.55,2.4,3.4,3.28,3.2,2.99,39,2.09,2,1.85,1.8,19,-0.25,2.13,2.05,1.86,1.8,2.39,3.38,3.22
E1,22/08/2018,Sheffield Weds,Millwall,2,1,H,1,0,H,A Madley,13,12,3,4,8,10,7,4,2,0,0,0,3.1,3.3,2.5,2.9,3.25,2.45,3,3.15,2.35,3.18,3.37,2.4,2.9,3.4,2.38,3.1,3.4,2.4,41,3.18,3.02,3.4,3.23,2.5,2.4,38,2.32,2.15,1.74,1.69,19,0.25,1.85,1.8,2.12,2.05,3.17,3.4,2.41
E1,22/08/2018,Stoke,Wigan,0,3,A,0,2,A,J Brooks,9,10,0,4,16,16,4,3,3,2,1,0,2.14,3.4,3.75,2.15,3.3,3.4,2.1,3.35,3.3,2.21,3.47,3.51,2.1,3.6,3.3,2.15,3.6,3.5,41,2.21,2.12,3.6,3.42,3.75,3.42,39,2,1.89,2.01,1.9,20,-0.25,1.91,1.84,2.07,2,2.3,3.48,3.28
E1,24/08/2018,Middlesbrough,West Brom,1,0,H,0,0,D,J Brooks,18,13,4,2,12,11,10,4,3,2,0,0,2.5,3.3,3.1,2.45,3.2,2.95,2.35,3.1,3,2.42,3.24,3.29,2.4,3.1,3.1,2.5,3.25,3.13,37,2.52,2.42,3.3,3.18,3.29,3.06,35,2.2,2.13,1.78,1.7,18,-0.25,2.14,2.04,1.86,1.8,2.65,3.11,3.06
E1,25/08/2018,Aston Villa,Reading,1,1,D,0,0,D,D England,21,10,8,7,9,13,4,9,0,2,0,0,1.61,3.9,6.5,1.57,4,5.75,1.55,3.85,5.8,1.58,4.01,7.03,1.62,3.7,5.8,1.62,3.9,6.25,41,1.65,1.59,4.03,3.85,7.03,6.04,39,2.01,1.94,1.92,1.85,22,-1,2.1,2.03,1.88,1.81,1.56,4.28,6.71
E1,25/08/2018,Blackburn,Brentford,1,0,H,0,0,D,T Harrington,2,8,1,3,12,10,3,4,0,1,0,0,2.9,3.5,2.54,2.95,3.25,2.4,2.8,3.3,2.35,2.87,3.47,2.58,2.8,3.5,2.4,2.9,3.5,2.5,41,2.95,2.84,3.5,3.36,2.6,2.46,39,1.94,1.87,1.97,1.92,19,0.25,1.79,1.73,2.22,2.13,3.13,3.48,2.39
E1,25/08/2018,Bolton,Sheffield United,0,3,A,0,2,A,A Madley,10,17,2,6,6,14,8,10,2,1,0,0,3.9,3.4,2.1,4,3.4,1.95,3.75,3.25,1.97,4.15,3.36,2.04,3.7,3.25,2.05,3.9,3.3,2.1,41,4.3,3.86,3.4,3.28,2.15,2.03,38,2.14,2.07,1.78,1.74,19,0.25,2.21,2.13,1.8,1.74,4.82,3.38,1.92
E1,25/08/2018,Derby,Preston,2,0,H,1,0,H,D Webb,15,6,4,4,17,10,9,4,3,1,0,0,2.45,3.3,3.2,2.45,3.2,2.95,2.35,3.1,3,2.47,3.19,3.26,2.4,3.1,3.1,2.45,3.25,3.2,41,2.5,2.4,3.3,3.16,3.26,3.09,37,2.29,2.17,1.73,1.67,21,-0.25,2.1,2.05,1.84,1.81,2.58,3.14,3.13
E1,25/08/2018,Norwich,Leeds,0,3,A,0,2,A,S Hooper,10,12,2,5,13,16,10,4,1,2,0,0,2.75,3.4,2.7,2.6,3.4,2.6,2.55,3.35,2.55,2.67,3.53,2.72,2.6,3.4,2.62,2.63,3.5,2.7,41,2.75,2.62,3.53,3.4,2.72,2.63,38,1.8,1.75,2.15,2.05,18,0,1.95,1.9,2,1.94,2.57,3.64,2.77
E1,25/08/2018,Nott'm Forest,Birmingham,2,2,D,0,1,A,T Robinson,9,9,3,3,17,20,0,4,4,0,0,0,1.85,3.5,5,1.87,3.4,4.33,1.8,3.35,4.35,1.87,3.51,4.82,1.91,3.5,4,1.91,3.5,4.5,41,1.91,1.86,3.53,3.44,5,4.45,38,2.17,2.08,1.8,1.73,19,-0.75,2.19,2.12,1.8,1.74,2.04,3.41,4.12
E1,25/08/2018,QPR,Wigan,1,0,H,1,0,H,S Martin,12,18,3,5,17,14,7,3,2,1,0,0,3.25,3.6,2.25,3,3.5,2.25,3.05,3.35,2.2,3.23,3.62,2.29,3,3.4,2.3,3.13,3.6,2.3,41,3.3,3.14,3.62,3.45,2.3,2.23,39,1.93,1.85,2.04,1.94,20,0.25,1.95,1.89,2,1.95,3.02,3.5,2.45
E1,25/08/2018,Sheffield Weds,Ipswich,2,1,H,1,1,D,J Simpson,13,13,3,3,13,15,7,7,2,2,0,1,2.5,3,3.4,2.3,3,3.4,2.3,3.05,3.2,2.44,3.09,3.43,2.4,3.1,3.1,2.45,3.1,3.25,41,2.5,2.35,3.2,3.07,3.5,3.29,37,2.28,2.19,1.72,1.66,21,-0.25,2.07,2.01,1.88,1.83,2.35,3.22,3.44
E1,25/08/2018,Stoke,Hull,2,0,H,1,0,H,D Bond,11,4,5,0,8,11,8,5,1,0,0,1,2,3.4,4.33,1.91,3.4,4.1,1.93,3.3,3.9,2.02,3.36,4.28,2,3.3,3.75,2,3.4,3.9,41,2.04,1.97,3.45,3.33,4.33,3.98,39,2.03,1.98,1.89,1.81,20,-0.25,1.76,1.71,2.28,2.17,1.91,3.49,4.66
E1,25/08/2018,Swansea,Bristol City,0,1,A,0,1,A,G Ward,12,10,3,6,8,11,4,5,0,1,0,0,2.25,3.4,3.5,2.25,3.3,3.2,2.2,3.2,3.2,2.31,3.46,3.33,2.25,3.3,3.2,2.3,3.4,3.3,41,2.31,2.24,3.46,3.3,3.5,3.27,38,2.17,2.08,1.8,1.73,20,-0.25,1.97,1.91,1.98,1.93,2.42,3.14,3.41
E1,26/08/2018,Rotherham,Millwall,1,0,H,1,0,H,G Eltringham,12,12,3,5,14,9,2,9,1,2,0,0,3.6,3.4,2.2,3.5,3.3,2.1,3.4,3.2,2.1,3.63,3.26,2.25,3.3,3.3,2.2,3.3,3.3,2.15,41,3.75,3.48,3.4,3.26,2.25,2.15,38,2.12,2.02,1.82,1.77,20,0.25,2.03,1.97,1.93,1.87,3.26,3.31,2.4
E1,31/08/2018,Leeds,Middlesbrough,0,0,D,0,0,D,T Robinson,11,9,3,3,11,16,6,5,4,4,0,0,2.2,3.5,3.5,2.2,3.4,3.3,2.15,3.25,3.25,2.26,3.41,3.46,2.2,3.4,3.2,2.25,3.5,3.3,38,2.28,2.2,3.5,3.36,3.52,3.32,37,2.03,1.95,1.91,1.84,20,-0.25,1.95,1.9,1.99,1.94,2.29,3.22,3.59
E1,01/09/2018,Birmingham,QPR,0,0,D,0,0,D,J Simpson,5,12,1,5,22,19,5,2,2,0,0,0,2,3.5,4.2,1.95,3.5,3.8,2,3.2,3.65,2,3.44,4.25,2,3.4,3.75,2,3.5,4.1,38,2,1.97,3.55,3.4,4.35,3.95,35,2.14,2.05,1.83,1.75,18,-0.25,1.73,1.69,2.29,2.21,2.02,3.41,4.22
E1,01/09/2018,Brentford,Nott'm Forest,2,1,H,1,0,H,P Bankes,20,6,6,2,10,16,9,2,5,7,0,0,1.9,3.75,4.33,1.83,3.6,4.25,1.8,3.6,4.05,1.85,3.82,4.47,1.85,3.8,3.9,1.87,3.8,4.3,37,1.91,1.84,3.82,3.65,4.47,4.16,34,1.78,1.73,2.16,2.08,17,-0.75,2.13,2.08,1.82,1.78,1.76,4.04,4.76
E1,01/09/2018,Hull,Derby,1,2,A,0,1,A,J Brooks,18,11,2,5,10,16,7,10,2,1,0,0,2.9,3.3,2.62,2.8,3.25,2.5,2.6,3.15,2.65,2.83,3.46,2.6,2.8,3.4,2.45,2.8,3.4,2.63,39,2.9,2.79,3.46,3.25,2.7,2.56,36,2.1,2.03,1.85,1.76,18,0.25,1.75,1.71,2.24,2.18,3.13,3.35,2.45
E1,01/09/2018,Millwall,Swansea,1,2,A,0,0,D,G Scott,11,8,2,2,12,8,5,3,1,1,0,1,2.2,3.3,3.75,2.05,3.3,3.7,2.1,3.15,3.5,2.21,3.29,3.74,2.15,3.3,3.4,2.15,3.5,3.6,37,2.25,2.15,3.5,3.26,3.75,3.54,35,2.23,2.13,1.76,1.69,19,-0.25,1.88,1.84,2.07,2.01,2.24,3.27,3.65
E1,01/09/2018,Preston,Bolton,2,2,D,2,2,D,A Davies,12,14,4,6,8,11,7,4,1,3,1,0,1.6,3.9,7,1.55,3.9,6.25,1.53,3.8,6.1,1.56,4.04,7.36,1.55,4,6,1.57,4,7,38,1.6,1.56,4.04,3.84,7.36,6.54,34,2.31,2.18,1.75,1.66,20,-1,2.07,2,1.88,1.84,1.64,3.65,7.1
E1,01/09/2018,Reading,Sheffield Weds,1,2,A,0,1,A,G Ward,12,10,4,4,12,20,9,6,1,1,0,0,2.37,3.25,3.4,2.2,3.2,3.4,2.2,3.1,3.3,2.39,3.23,3.35,2.3,3.3,3.1,2.3,3.4,3.3,37,2.4,2.28,3.4,3.21,3.4,3.25,34,2.23,2.12,1.76,1.7,18,-0.25,2.03,1.97,1.95,1.89,2.35,3.27,3.4
E1,01/09/2018,Sheffield United,Aston Villa,4,1,H,3,0,H,J Linington,9,9,6,2,18,12,9,1,1,1,0,0,2.4,3.25,3.3,2.35,3.25,3.1,2.3,3.05,3.1,2.47,3.22,3.23,2.38,3.25,3,2.4,3.3,3.2,38,2.5,2.36,3.3,3.19,3.3,3.13,35,2.23,2.17,1.73,1.67,19,-0.25,2.1,2.03,1.86,1.82,2.21,3.37,3.6
E1,01/09/2018,West Brom,Stoke,2,1,H,1,0,H,S Hooper,12,16,6,5,9,14,3,7,3,1,0,0,2.04,3.5,4,2.05,3.3,3.7,1.87,3.3,4.1,2.13,3.44,3.73,2.05,3.4,3.6,2.15,3.4,3.7,38,2.15,2.05,3.5,3.34,4.1,3.71,35,2.19,2.08,1.78,1.73,18,-0.25,1.81,1.76,2.14,2.09,2.06,3.46,3.96
E1,01/09/2018,Wigan,Rotherham,1,0,H,0,0,D,S Duncan,16,16,5,4,10,13,3,6,2,3,0,0,1.57,4.2,6.5,1.55,4.1,5.75,1.53,4,5.6,1.56,4.3,6.69,1.55,4.33,5.5,1.57,4.33,6.25,40,1.6,1.55,4.4,4.17,6.69,5.9,37,1.74,1.68,2.27,2.15,22,-1,1.96,1.91,1.98,1.92,1.64,4.25,5.57
E1,02/09/2018,Bristol City,Blackburn,4,1,H,1,1,D,D Webb,19,13,11,2,8,8,8,5,0,0,0,0,2.37,3.25,3.4,2.3,3.3,3.1,2.2,3.15,3.2,2.42,3.2,3.33,2.38,3.2,3.1,2.3,3.25,3.1,36,2.45,2.33,3.3,3.19,3.4,3.16,31,2.17,2.11,1.76,1.71,17,-0.25,2.05,2.01,1.87,1.84,2.31,3.16,3.61
E1,02/09/2018,Ipswich,Norwich,1,1,D,0,0,D,R Jones,19,11,6,2,12,21,7,6,2,1,0,0,3,3.25,2.6,2.9,3.4,2.4,2.85,3.2,2.4,2.93,3.29,2.63,2.8,3.3,2.5,2.8,3.3,2.45,37,3,2.85,3.4,3.25,2.65,2.5,33,2.11,2.03,1.84,1.76,17,0.25,1.76,1.72,2.23,2.15,2.88,3.3,2.66
E1,14/09/2018,Birmingham,West Brom,1,1,D,1,1,D,A Madley,13,15,4,3,15,14,6,3,2,1,0,0,3.7,3.3,2.2,3.4,3.2,2.2,3.5,3.2,2.1,3.64,3.34,2.22,3.4,3.25,2.15,3.7,3.4,2.15,40,3.85,3.51,3.4,3.28,2.45,2.17,38,2.25,2.14,1.75,1.7,23,0.25,2.07,2.01,1.89,1.83,3.66,3.35,2.2
E1,15/09/2018,Blackburn,Aston Villa,1,1,D,0,0,D,S Martin,13,15,3,5,8,11,8,3,3,2,0,0,2.8,3.3,2.75,2.7,3.2,2.65,2.65,3.1,2.6,2.82,3.21,2.78,2.75,3.2,2.6,2.8,3.3,2.7,40,2.82,2.72,3.4,3.21,2.85,2.67,38,2.24,2.14,1.76,1.7,22,0.25,1.7,1.64,2.36,2.28,2.69,3.22,2.93
E1,15/09/2018,Bolton,QPR,1,2,A,0,1,A,O Langford,9,11,3,2,13,14,12,1,1,0,0,0,2.75,3.4,2.75,2.7,3.1,2.7,2.65,3.1,2.6,2.89,3.29,2.63,2.7,3.3,2.6,2.8,3.4,2.63,40,2.92,2.74,3.4,3.24,2.8,2.64,38,2.16,2.08,1.8,1.74,22,0.25,1.73,1.66,2.33,2.24,3.1,3.3,2.48
E1,15/09/2018,Brentford,Wigan,2,0,H,1,0,H,D England,20,8,10,1,11,15,9,3,2,3,0,1,1.8,4,4.5,1.8,3.6,4.4,1.77,3.7,4.05,1.83,3.91,4.42,1.83,3.9,3.9,1.83,4,4.3,39,1.85,1.81,4,3.79,4.61,4.26,35,1.69,1.66,2.31,2.19,23,-0.75,2.08,2.02,1.85,1.82,1.69,4.24,4.92
E1,15/09/2018,Bristol City,Sheffield United,1,0,H,0,0,D,J Brooks,11,11,3,1,13,15,3,4,1,4,0,0,2.75,3.4,2.75,2.6,3.2,2.75,2.55,3.2,2.65,2.66,3.38,2.8,2.6,3.4,2.62,2.63,3.5,2.75,40,2.75,2.62,3.5,3.31,2.85,2.71,39,1.99,1.92,1.94,1.88,22,-0.25,2.3,2.24,1.72,1.66,2.75,3.36,2.72
E1,15/09/2018,Hull,Ipswich,2,0,H,1,0,H,T Harrington,13,6,7,1,12,21,7,5,2,0,0,0,2.3,3.3,3.5,2.2,3.25,3.4,2.15,3.25,3.3,2.26,3.31,3.5,2.2,3.3,3.3,2.25,3.4,3.4,40,2.3,2.21,3.4,3.29,3.5,3.39,38,2.13,2.05,1.84,1.76,23,-0.25,1.95,1.89,2,1.95,2.41,3.26,3.25
E1,15/09/2018,Millwall,Leeds,1,1,D,0,0,D,C Kavanagh,16,11,2,4,14,7,6,4,1,0,0,0,3,3.4,2.5,3.1,3.2,2.35,2.8,3.25,2.4,2.95,3.39,2.53,2.75,3.1,2.62,3,3.4,2.5,40,3.25,2.92,3.4,3.3,2.63,2.45,39,2.02,1.95,1.91,1.84,23,0.25,1.8,1.75,2.17,2.1,2.73,3.33,2.76
E1,15/09/2018,Norwich,Middlesbrough,1,0,H,0,0,D,J Linington,16,8,6,2,13,12,0,4,3,1,0,0,3.1,3.25,2.54,2.75,3.2,2.6,2.9,3.05,2.45,3.09,3.18,2.56,2.9,3.2,2.5,3,3.25,2.55,40,3.1,2.96,3.25,3.17,2.6,2.51,36,2.29,2.21,1.7,1.65,22,0.25,1.78,1.73,2.2,2.13,3.05,3.25,2.54
E1,15/09/2018,Preston,Reading,2,3,A,1,1,D,D Bond,23,9,10,5,11,9,9,2,1,1,0,0,1.9,3.4,4.75,1.8,3.4,4.75,1.8,3.35,4.45,1.87,3.46,4.87,1.91,3.5,4,1.91,3.6,4.4,40,1.91,1.86,3.6,3.42,4.9,4.51,38,2.19,2.1,1.79,1.72,22,-0.75,2.19,2.11,1.81,1.74,1.79,3.67,5.02
E1,15/09/2018,Rotherham,Derby,1,0,H,0,0,D,P Bankes,16,12,6,4,15,12,9,5,4,4,0,1,3.8,3.4,2.14,3.7,3.3,2.05,3.55,3.2,2.05,3.89,3.25,2.15,3.4,3.3,2.15,3.5,3.5,2.2,39,3.89,3.61,3.5,3.3,2.2,2.11,38,2.13,2.03,1.84,1.78,23,0.25,2.09,2.02,1.9,1.83,3.98,3.48,2.04
E1,15/09/2018,Sheffield Weds,Stoke,2,2,D,1,2,A,G Eltringham,12,14,4,4,11,7,7,13,1,0,0,0,3,3.4,2.5,2.95,3.3,2.4,2.85,3.15,2.4,3.08,3.29,2.49,2.8,3.5,2.4,2.9,3.5,2.5,40,3.1,2.95,3.5,3.3,2.52,2.43,39,2.07,2,1.87,1.81,23,0.25,1.8,1.76,2.19,2.11,3.25,3.41,2.33
E1,15/09/2018,Swansea,Nott'm Forest,0,0,D,0,0,D,S Duncan,5,16,2,4,4,13,3,10,0,3,0,0,2.3,3.4,3.4,2.25,3.25,3.2,2.15,3.25,3.2,2.25,3.39,3.45,2.25,3.3,3.2,2.25,3.4,3.4,40,2.35,2.23,3.5,3.32,3.45,3.29,39,2.07,2.01,1.85,1.79,23,-0.25,1.97,1.92,1.98,1.92,2.29,3.34,3.41
E1,18/09/2018,Aston Villa,Rotherham,2,0,H,1,0,H,A Davies,14,13,4,3,9,16,3,3,2,2,0,0,1.5,4.5,7.5,1.48,4,7.5,1.46,4.2,6.2,1.48,4.48,7.75,1.5,4.33,6,1.5,4.6,7,38,1.53,1.49,4.6,4.34,7.75,6.76,38,1.75,1.7,2.27,2.14,24,-1,1.86,1.8,2.11,2.04,1.45,4.62,8.07
E1,18/09/2018,Derby,Blackburn,0,0,D,0,0,D,D England,22,6,3,2,18,13,3,1,2,3,0,0,2.25,3.3,3.6,2.1,3.3,3.5,2.15,3.1,3.35,2.28,3.22,3.57,2.25,3.2,3.3,2.3,3.3,3.4,38,2.3,2.23,3.3,3.22,3.6,3.41,38,2.3,2.19,1.73,1.67,23,-0.25,1.98,1.92,1.99,1.92,2.09,3.53,3.75
E1,18/09/2018,Ipswich,Brentford,1,1,D,0,1,A,D Bond,10,14,5,6,16,9,8,6,1,2,0,0,4.6,3.75,1.83,4.25,3.5,1.85,4.25,3.55,1.77,4.47,3.69,1.87,4.2,3.6,1.83,4.5,3.75,1.85,38,4.6,4.31,3.75,3.63,1.89,1.84,37,2,1.94,1.93,1.85,22,0.75,1.8,1.76,2.16,2.09,4.47,3.72,1.86
E1,18/09/2018,Leeds,Preston,3,0,H,1,0,H,G Eltringham,17,5,5,3,12,12,4,3,1,2,0,0,2,3.4,4.33,1.95,3.3,4.1,1.9,3.3,4,2,3.31,4.42,1.95,3.4,3.9,2,3.5,4.1,38,2.02,1.96,3.5,3.36,4.5,4.12,38,2.12,2.01,1.86,1.79,22,-0.25,1.73,1.68,2.28,2.21,2.08,3.46,3.86
E1,18/09/2018,Stoke,Swansea,1,0,H,0,0,D,P Tierney,8,14,3,5,13,13,1,3,2,1,0,0,1.9,3.5,4.6,1.87,3.4,4.33,1.85,3.35,4.2,1.84,3.72,4.6,1.88,3.5,4.2,1.9,3.6,4.4,38,1.94,1.87,3.72,3.5,4.6,4.35,38,2.17,2.1,1.79,1.73,22,-0.75,2.21,2.14,1.8,1.72,1.65,3.91,5.93
E1,18/09/2018,West Brom,Bristol City,4,2,H,3,0,H,J Simpson,11,23,7,8,11,13,2,7,2,1,0,0,1.95,3.5,4.33,1.85,3.6,4.1,1.87,3.45,3.9,1.93,3.62,4.28,1.95,3.5,3.8,1.95,3.6,4.1,38,2,1.92,3.65,3.54,4.33,4.05,38,1.95,1.87,2.02,1.93,22,-0.75,2.25,2.19,1.73,1.69,1.86,3.54,4.76
E1,18/09/2018,Wigan,Hull,2,1,H,2,1,H,D Webb,18,7,7,4,12,10,7,3,1,3,0,0,2,3.5,4.1,1.91,3.5,4,1.93,3.45,3.7,2.04,3.5,3.96,2.05,3.5,3.5,2.05,3.6,3.75,38,2.07,2,3.65,3.49,4.2,3.81,38,1.89,1.82,2.05,1.98,21,-0.5,2.06,2.01,1.89,1.85,1.89,3.84,4.16
E1,19/09/2018,Middlesbrough,Bolton,2,0,H,1,0,H,D Coote,19,7,4,2,7,13,10,1,1,4,0,0,1.44,4.5,9,1.4,4.4,8.25,1.4,4.15,7.8,1.42,4.55,9.32,1.42,4.4,8,1.44,4.6,8.5,38,1.45,1.42,4.6,4.37,9.32,8.35,38,2.15,2.04,1.83,1.76,24,-1,1.76,1.71,2.26,2.15,1.49,4.08,8.61
E1,19/09/2018,Nott'm Forest,Sheffield Weds,2,1,H,1,0,H,T Harrington,13,6,6,3,13,12,2,2,2,0,0,0,1.95,3.6,4.2,1.85,3.5,4.33,1.85,3.4,4.05,1.93,3.51,4.42,1.95,3.4,3.9,1.95,3.5,4.2,38,1.98,1.91,3.6,3.48,4.5,4.14,38,2.04,1.97,1.89,1.83,22,-0.75,2.26,2.18,1.75,1.69,1.97,3.52,4.24
E1,19/09/2018,QPR,Millwall,2,0,H,2,0,H,R Jones,20,14,9,2,15,18,3,5,3,2,0,0,2.54,3.2,3.1,2.4,3.2,3,2.4,3.05,2.95,2.59,3.16,3.06,2.55,3.1,2.88,2.55,3.25,3,38,2.6,2.48,3.25,3.16,3.1,2.99,38,2.22,2.13,1.75,1.7,22,-0.25,2.2,2.12,1.8,1.74,2.38,3.37,3.24
E1,19/09/2018,Reading,Norwich,1,2,A,0,1,A,T Robinson,13,11,2,5,9,16,6,7,2,3,0,0,3,3.3,2.6,2.75,3.2,2.6,2.8,3.1,2.5,2.92,3.2,2.67,2.8,3.25,2.55,2.9,3.4,2.55,38,3,2.86,3.4,3.22,2.67,2.54,38,2.11,2.04,1.82,1.76,22,0.25,1.75,1.7,2.27,2.17,2.94,3.32,2.61
E1,19/09/2018,Sheffield United,Birmingham,0,0,D,0,0,D,G Ward,6,13,3,5,10,11,9,5,1,0,0,0,1.85,3.6,4.75,1.87,3.4,4.4,1.8,3.4,4.35,1.9,3.44,4.69,1.88,3.5,4.2,1.87,3.6,4.6,38,1.9,1.85,3.6,3.46,4.8,4.5,38,2.15,2.06,1.82,1.75,22,-0.75,2.2,2.09,1.81,1.75,1.7,3.81,5.62
E1,21/09/2018,Wigan,Bristol City,1,0,H,0,0,D,O Langford,9,9,1,3,12,13,2,4,2,1,0,0,2.3,3.5,3.3,2.2,3.4,3.2,2.15,3.35,3.1,2.3,3.47,3.27,2.25,3.4,3.1,2.3,3.5,3.25,37,2.36,2.25,3.55,3.43,3.4,3.18,36,1.86,1.78,2.1,2.02,21,-0.25,1.99,1.94,1.95,1.91,2.55,3.3,2.99
E1,22/09/2018,Aston Villa,Sheffield Weds,1,2,A,0,0,D,D Webb,18,13,4,5,15,12,3,7,2,1,0,0,1.57,4.33,6.5,1.55,4.1,6,1.53,4,5.6,1.56,4.4,6.13,1.57,4.2,5.5,1.6,4.2,6,37,1.62,1.57,4.4,4.1,6.5,5.84,36,1.9,1.84,2.02,1.94,22,-1,2.05,1.99,1.89,1.84,1.58,4.26,6.18
E1,22/09/2018,Derby,Brentford,3,1,H,3,1,H,A Madley,16,16,6,2,9,9,3,9,2,1,0,0,3.25,3.5,2.3,3.2,3.3,2.25,3.1,3.3,2.2,3.21,3.5,2.31,3,3.4,2.3,3.1,3.5,2.38,36,3.25,3.13,3.5,3.39,2.4,2.27,35,1.92,1.86,2,1.93,20,0.25,1.92,1.87,2.04,1.98,3.02,3.37,2.49
E1,22/09/2018,Ipswich,Bolton,0,0,D,0,0,D,S Martin,9,7,2,0,14,9,6,4,2,0,0,1,2,3.4,4.33,1.9,3.4,4.2,1.87,3.25,4.15,1.97,3.42,4.37,1.95,3.3,4,1.95,3.4,4.5,37,2.02,1.94,3.42,3.32,4.5,4.19,32,2.4,2.26,1.66,1.61,20,-0.25,1.7,1.66,2.3,2.25,1.83,3.44,5.21
E1,22/09/2018,Leeds,Birmingham,1,2,A,0,2,A,P Bankes,17,4,5,3,13,21,7,4,2,4,0,0,1.8,3.75,5,1.75,3.6,4.75,1.77,3.5,4.4,1.85,3.54,4.88,1.83,3.6,4.4,1.83,3.75,4.6,37,1.85,1.8,3.75,3.55,5,4.61,36,2.02,1.96,1.89,1.83,20,-0.75,2.12,2.04,1.85,1.8,1.8,3.7,4.9
E1,22/09/2018,Middlesbrough,Swansea,0,0,D,0,0,D,S Hooper,16,5,5,2,13,11,10,3,3,0,0,0,1.7,3.8,5.75,1.67,3.7,5.25,1.63,3.55,5.4,1.67,3.93,5.68,1.67,3.75,5.25,1.73,3.7,5.5,37,1.73,1.68,3.93,3.67,5.75,5.41,32,2.35,2.23,1.67,1.63,20,-0.75,1.95,1.89,2.01,1.96,1.62,4,6.2
E1,22/09/2018,Nott'm Forest,Rotherham,1,0,H,0,0,D,R Jones,9,4,2,1,11,20,4,4,1,3,0,0,1.64,4,6,1.57,3.9,6,1.65,3.7,4.95,1.68,3.75,5.97,1.67,3.8,5,1.7,4,5.2,37,1.7,1.65,4,3.8,6,5.4,36,1.89,1.82,2.05,1.97,22,-1,2.3,2.18,1.74,1.69,1.8,3.71,4.91
E1,22/09/2018,QPR,Norwich,0,1,A,0,0,D,D Bond,10,9,3,4,17,12,2,2,0,2,0,0,2.5,3.4,3,2.55,3.3,2.75,2.35,3.25,2.8,2.5,3.41,2.97,2.4,3.4,2.9,2.5,3.4,3,37,2.6,2.44,3.5,3.32,3,2.89,36,1.97,1.89,1.99,1.9,20,-0.25,2.15,2.09,1.82,1.77,2.31,3.33,3.39
E1,22/09/2018,Reading,Hull,3,0,H,1,0,H,J Simpson,14,9,6,2,12,10,4,4,0,2,1,0,2.5,3.3,3.1,2.4,3.25,2.95,2.45,3.1,2.8,2.58,3.25,2.98,2.4,3.3,2.9,2.45,3.4,3,36,2.6,2.46,3.4,3.23,3.2,2.94,35,2.1,1.99,1.9,1.81,20,-0.25,2.21,2.12,1.83,1.73,2.55,3.34,2.96
E1,22/09/2018,Sheffield United,Preston,3,2,H,1,0,H,S Duncan,13,10,3,3,10,6,4,3,1,2,0,0,1.85,3.75,4.5,1.87,3.4,4.25,1.8,3.5,4.2,1.86,3.73,4.47,1.85,3.6,4.2,1.87,3.75,4.4,37,1.91,1.85,3.75,3.58,4.75,4.29,36,2.1,1.99,1.89,1.81,20,-0.75,2.17,2.1,1.8,1.75,1.75,3.87,5.05
E1,22/09/2018,Stoke,Blackburn,2,3,A,0,2,A,T Harrington,17,8,3,4,11,14,9,2,2,1,0,0,2.04,3.3,4.2,2.05,3.3,3.75,1.97,3.25,3.8,2.03,3.41,4.11,2,3.3,3.75,2.05,3.4,4,37,2.1,2.02,3.41,3.32,4.2,3.88,36,2.2,2.1,1.8,1.72,21,-0.25,1.77,1.72,2.21,2.14,1.9,3.47,4.65
E1,22/09/2018,West Brom,Millwall,2,0,H,0,0,D,T Robinson,14,10,4,2,7,6,7,2,0,0,0,0,1.72,4,5,1.72,3.6,5,1.7,3.65,4.6,1.74,3.92,5.01,1.75,3.8,4.5,1.75,3.9,5,37,1.8,1.73,4,3.74,5.5,4.79,36,2,1.92,1.98,1.87,20,-0.75,2,1.96,1.95,1.89,1.62,4.06,6.03
E1,28/09/2018,Bristol City,Aston Villa,1,1,D,1,1,D,T Robinson,7,12,3,5,15,18,3,8,2,2,0,0,2.5,3.4,3,2.45,3.25,2.9,2.35,3.2,2.9,2.5,3.35,3.07,2.55,3.25,2.88,2.5,3.4,3,39,2.55,2.45,3.45,3.3,3.15,2.95,38,2.01,1.95,1.95,1.84,21,-0.25,2.15,2.08,1.82,1.79,2.57,3.36,2.96
E1,28/09/2018,Sheffield Weds,Leeds,1,1,D,1,0,H,R Jones,10,25,4,7,14,9,3,11,2,1,0,0,3.6,3.5,2.14,3.2,3.5,2.15,3.35,3.35,2.05,3.57,3.5,2.17,3.4,3.5,2.1,3.5,3.5,2.2,39,3.6,3.42,3.55,3.43,2.2,2.14,38,1.95,1.87,2.02,1.92,20,0.25,2.06,2.01,1.88,1.84,3.61,3.43,2.19
E1,29/09/2018,Birmingham,Ipswich,2,2,D,0,2,A,J Brooks,22,7,9,3,11,16,10,2,0,1,0,1,1.95,3.3,4.75,1.9,3.1,4.75,1.93,3.1,4.2,2.02,3.19,4.6,2,3.3,4,2,3.3,4.4,39,2.02,1.96,3.3,3.18,4.75,4.34,34,2.5,2.39,1.6,1.55,20,-0.25,1.71,1.67,2.3,2.22,2,3.21,4.66
E1,29/09/2018,Blackburn,Nott'm Forest,2,2,D,0,0,D,A Madley,17,17,9,5,5,11,6,8,0,1,0,0,2.35,3.25,3.4,2.25,3.1,3.4,2.3,3,3.25,2.39,3.19,3.42,2.38,3.2,3.2,2.38,3.25,3.3,39,2.45,2.31,3.25,3.11,3.45,3.31,34,2.5,2.38,1.6,1.56,20,-0.25,2.05,1.99,1.91,1.86,2.64,3.15,3.04
E1,29/09/2018,Bolton,Derby,1,0,H,1,0,H,S Duncan,8,17,2,1,16,8,2,9,3,1,0,0,4,3.3,2.1,3.8,3.25,2.05,3.55,3.05,2.1,3.91,3.1,2.24,3.5,3.25,2.2,3.7,3.3,2.2,39,4,3.7,3.3,3.17,2.25,2.13,36,2.3,2.18,1.71,1.66,20,0.25,2.07,2.02,1.9,1.83,4.19,3.56,1.97
E1,29/09/2018,Brentford,Reading,2,2,D,1,1,D,G Eltringham,13,10,3,4,17,17,6,4,4,1,1,0,1.5,4.5,7.5,1.45,4.6,6.5,1.46,4.3,6.1,1.5,4.46,7.25,1.47,4.5,6.5,1.5,4.5,7,39,1.5,1.47,4.7,4.4,7.5,6.7,34,1.7,1.63,2.35,2.23,22,-1,1.81,1.76,2.16,2.09,1.48,4.66,7.08
E1,29/09/2018,Hull,Middlesbrough,1,1,D,0,0,D,D England,10,12,3,4,9,17,2,4,3,2,0,0,3.6,3.4,2.2,3.6,3.2,2.15,3.35,3.1,2.15,3.59,3.23,2.29,3.4,3.3,2.2,3.5,3.4,2.2,39,3.61,3.44,3.4,3.21,2.29,2.2,37,2.25,2.15,1.75,1.68,20,0.25,2.01,1.96,1.95,1.9,3.31,3.31,2.38
E1,29/09/2018,Millwall,Sheffield United,2,3,A,0,1,A,A Davies,11,15,5,7,11,10,5,10,2,3,0,0,3.2,3.3,2.45,3,3.25,2.4,2.95,3.15,2.35,3.27,3.27,2.42,3,3.2,2.45,3,3.3,2.5,39,3.27,3.06,3.35,3.21,2.5,2.39,37,2.1,2.02,1.85,1.78,20,0.25,1.87,1.8,2.12,2.06,3.5,3.46,2.22
E1,29/09/2018,Norwich,Wigan,1,0,H,0,0,D,G Ward,14,11,4,0,12,19,9,4,1,3,0,0,2.3,3.4,3.4,2.1,3.4,3.4,2.15,3.35,3.1,2.29,3.49,3.32,2.3,3.4,3.1,2.3,3.5,3.25,39,2.3,2.22,3.6,3.39,3.4,3.21,37,1.85,1.79,2.1,2,20,-0.25,1.98,1.93,1.96,1.92,2.25,3.47,3.42
E1,29/09/2018,Preston,West Brom,2,3,A,0,0,D,T Harrington,13,12,4,7,10,12,2,2,0,4,0,0,3.2,3.4,2.4,3.1,3.2,2.35,2.85,3.2,2.4,3.07,3.3,2.52,2.9,3.25,2.5,2.9,3.4,2.55,39,3.2,2.97,3.4,3.26,2.55,2.42,37,2,1.92,1.97,1.87,20,0.25,1.81,1.78,2.15,2.09,2.97,3.43,2.52
E1,29/09/2018,Rotherham,Stoke,2,2,D,0,0,D,D Webb,13,19,2,7,8,7,6,8,0,0,0,0,3.6,3.5,2.14,3.6,3.5,2,3.3,3.25,2.15,3.58,3.35,2.23,3.25,3.5,2.2,3.3,3.6,2.25,39,3.6,3.39,3.6,3.38,2.25,2.15,37,2.01,1.91,1.95,1.88,20,0.25,2.01,1.96,1.94,1.89,4.05,3.4,2.06
E1,29/09/2018,Swansea,QPR,3,0,H,1,0,H,K Friend,10,14,4,1,6,13,5,5,0,3,0,0,2.3,3.3,3.5,2.1,3.3,3.5,2.25,3.15,3.2,2.34,3.32,3.37,2.25,3.25,3.25,2.3,3.3,3.4,39,2.4,2.26,3.35,3.22,3.5,3.31,34,2.25,2.17,1.75,1.67,21,-0.25,2,1.95,1.95,1.9,2.37,3.25,3.39
E1,02/10/2018,Aston Villa,Preston,3,3,D,2,0,H,P Bankes,12,19,6,7,13,13,4,4,2,4,1,0,1.8,3.7,5,1.78,3.6,4.6,1.7,3.4,4.5,1.79,3.63,5.17,1.83,3.6,4.5,1.8,3.75,4.75,40,1.85,1.79,3.75,3.6,5.17,4.69,39,2.07,2,1.88,1.8,20,-0.75,2.09,2,1.94,1.85,1.84,3.67,4.73
E1,02/10/2018,Brentford,Birmingham,1,1,D,1,1,D,T Robinson,18,14,7,6,13,13,9,7,3,5,0,1,1.66,4,5.75,1.65,3.7,5.5,1.6,3.7,4.8,1.66,4,5.61,1.67,3.9,5.25,1.67,3.9,5.5,40,1.7,1.66,4.05,3.85,5.8,5.3,39,1.9,1.82,2.07,1.97,22,-1,2.21,2.15,1.76,1.72,1.74,3.76,5.31
E1,02/10/2018,Hull,Leeds,0,1,A,0,0,D,D Bond,10,11,1,1,13,9,3,4,1,3,0,0,3.6,3.6,2.14,3.4,3.5,2.1,3.25,3.35,2.05,3.58,3.57,2.15,3.4,3.5,2.15,3.6,3.6,2.1,40,3.6,3.42,3.62,3.5,2.17,2.12,39,1.88,1.81,2.12,1.98,20,0.25,2.09,2.04,1.85,1.82,3.54,3.65,2.13
E1,02/10/2018,Ipswich,Middlesbrough,0,2,A,0,2,A,A Madley,7,14,1,4,9,10,5,1,0,0,1,1,4.33,3.1,2.1,4,3,2.1,3.9,2.9,2,4.38,3.05,2.13,3.9,3,2.15,4,3.13,2.15,40,4.4,4.06,3.15,3.05,2.15,2.09,35,2.65,2.52,1.57,1.5,20,0.25,2.16,2.1,1.82,1.76,4.66,3.19,2.01
E1,02/10/2018,Reading,QPR,0,1,A,0,0,D,A Davies,14,10,1,4,14,14,4,5,3,0,0,0,2.5,3.3,3.1,2.35,3.25,3.1,2.35,3.1,2.85,2.49,3.29,3.13,2.45,3.25,3,2.5,3.3,3,40,2.55,2.43,3.32,3.25,3.2,3.01,39,2.13,2.04,1.85,1.76,21,-0.25,2.13,2.08,1.84,1.79,2.6,3.3,2.96
E1,02/10/2018,Stoke,Bolton,2,0,H,1,0,H,J Simpson,14,6,7,1,16,17,9,3,1,2,0,0,1.55,4,7.5,1.57,3.75,6.5,1.5,3.75,6,1.55,4.04,7.2,1.53,4.2,6,1.55,4.2,7,40,1.58,1.54,4.2,3.94,7.5,6.61,39,2.05,1.98,1.9,1.81,22,-1,2,1.96,1.95,1.89,1.52,4.2,7.52
E1,02/10/2018,Wigan,Swansea,0,0,D,0,0,D,J Brooks,10,17,1,5,14,8,4,9,1,0,0,0,2.04,3.4,4.1,2,3.4,3.75,1.95,3.2,3.6,2.09,3.34,4.02,2.05,3.3,3.75,2.1,3.4,3.8,40,2.1,2.04,3.45,3.34,4.1,3.81,39,2.11,2.03,1.85,1.78,21,-0.25,1.78,1.75,2.2,2.11,2.14,3.36,3.85
E1,03/10/2018,Blackburn,Sheffield United,0,2,A,0,0,D,R Jones,13,13,2,7,16,9,4,7,1,2,0,0,2.87,3.4,2.6,2.8,3.3,2.5,2.7,3.1,2.5,2.9,3.35,2.62,2.8,3.3,2.55,2.9,3.3,2.63,40,2.92,2.82,3.4,3.24,2.65,2.55,39,2.15,2.07,1.81,1.74,21,0.25,1.75,1.71,2.25,2.17,3.53,3.48,2.2
E1,03/10/2018,Derby,Norwich,1,1,D,0,0,D,G Eltringham,14,14,6,5,12,17,7,8,1,2,0,0,2.14,3.4,3.8,2.05,3.4,3.6,2.05,3.15,3.35,2.15,3.5,3.63,2.15,3.4,3.4,2.15,3.5,3.6,40,2.2,2.12,3.5,3.36,3.8,3.53,39,2.1,2.01,1.86,1.79,21,-0.25,1.87,1.83,2.07,2.02,2.01,3.71,3.87
E1,03/10/2018,Nott'm Forest,Millwall,2,2,D,1,0,H,J Moss,7,20,2,10,16,11,2,7,1,2,0,0,1.95,3.5,4.33,1.91,3.4,4.1,1.85,3.25,3.95,1.93,3.57,4.34,1.91,3.6,4,1.93,3.6,4.3,40,1.95,1.91,3.6,3.46,4.46,4.14,39,2.2,2.09,1.79,1.73,21,-0.75,2.25,2.19,1.75,1.69,1.83,3.61,4.88
E1,03/10/2018,Rotherham,Bristol City,0,0,D,0,0,D,G Ward,21,13,6,3,12,15,6,3,2,3,0,0,3.75,3.5,2.1,3.4,3.3,2.15,3.35,3.2,2.05,3.58,3.5,2.17,3.5,3.4,2.15,3.75,3.5,2.1,40,3.75,3.5,3.5,3.39,2.2,2.12,39,2.05,1.96,1.92,1.83,21,0.25,2.12,2.05,1.86,1.81,3.89,3.66,2.02
E1,03/10/2018,Sheffield Weds,West Brom,2,2,D,2,0,H,O Langford,14,19,5,4,12,15,3,4,2,3,0,0,3.8,3.5,2.1,3.4,3.5,2.1,3.35,3.35,2,3.72,3.58,2.09,3.5,3.5,2.1,3.6,3.6,2.1,41,3.8,3.52,3.65,3.5,2.15,2.07,39,1.81,1.74,2.17,2.07,21,0.25,2.14,2.06,1.81,1.78,4.02,3.51,2.03
E1,06/10/2018,Birmingham,Rotherham,3,1,H,2,0,H,K Stroud,13,11,6,6,13,13,3,5,0,1,0,0,1.64,4,6,1.65,3.75,5.25,1.63,3.65,5.3,1.69,3.92,5.53,1.67,3.8,5.25,1.67,3.9,5.75,36,1.7,1.65,4,3.79,6,5.4,35,2.15,2.05,1.81,1.75,21,-1,2.32,2.2,1.75,1.68,1.66,3.94,5.78
E1,06/10/2018,Bolton,Blackburn,0,1,A,0,1,A,D Bond,13,7,4,4,14,11,7,3,3,3,0,0,3.5,3.25,2.3,3.4,3.1,2.25,3.35,3.05,2.2,3.56,3.21,2.31,3.4,3.2,2.25,3.5,3.2,2.3,36,3.6,3.45,3.3,3.17,2.32,2.24,32,2.4,2.25,1.67,1.62,19,0.25,1.98,1.93,1.96,1.91,3.46,3.2,2.36
E1,06/10/2018,Leeds,Brentford,1,1,D,0,0,D,J Simpson,13,13,3,7,18,15,2,3,2,2,1,0,2.3,3.7,3.1,2.25,3.5,3,2.25,3.45,2.9,2.34,3.68,3.08,2.35,3.6,2.9,2.38,3.6,3,35,2.38,2.3,3.7,3.53,3.12,2.96,33,1.74,1.69,2.21,2.12,17,-0.25,2.05,2,1.89,1.85,2.07,3.69,3.67
E1,06/10/2018,Middlesbrough,Nott'm Forest,0,2,A,0,0,D,J Brooks,17,16,4,5,15,16,11,4,2,1,0,1,1.8,3.6,5.25,1.8,3.5,4.6,1.73,3.35,4.95,1.79,3.54,5.39,1.8,3.5,4.8,1.83,3.5,5,36,1.85,1.77,3.6,3.44,5.5,5.02,32,2.35,2.25,1.7,1.62,19,-0.75,2.07,2.02,1.9,1.83,1.71,3.65,5.84
E1,06/10/2018,Millwall,Aston Villa,2,1,H,1,1,D,T Harrington,18,6,4,3,13,10,9,4,0,1,0,0,2.8,3.4,2.7,2.8,3.3,2.5,2.65,3.2,2.6,2.77,3.34,2.74,2.75,3.3,2.62,2.8,3.4,2.63,36,2.9,2.75,3.4,3.27,2.75,2.61,35,2.07,1.99,1.87,1.8,19,0.25,1.71,1.67,2.33,2.22,2.69,3.35,2.82
E1,06/10/2018,Norwich,Stoke,0,1,A,0,1,A,D Coote,15,6,3,2,14,15,5,1,0,1,0,0,2.5,3.3,3.1,2.4,3.25,3,2.4,3.2,2.85,2.54,3.32,3.03,2.5,3.3,2.9,2.5,3.4,3,36,2.55,2.45,3.4,3.27,3.1,2.95,35,2.05,1.98,1.9,1.81,18,-0.25,2.17,2.1,1.81,1.77,2.65,3.31,2.9
E1,06/10/2018,Preston,Wigan,4,0,H,1,0,H,L Probert,16,11,3,3,11,15,6,5,3,3,0,1,2.37,3.4,3.2,2.25,3.3,3.2,2.3,3.25,2.95,2.43,3.43,3.11,2.38,3.4,3,2.38,3.5,3.1,36,2.43,2.32,3.5,3.36,3.2,3.06,35,1.98,1.88,1.98,1.9,19,-0.25,2.08,2,1.9,1.84,2.4,3.43,3.16
E1,06/10/2018,QPR,Derby,1,1,D,0,1,A,D Webb,13,14,3,5,19,12,1,10,3,2,0,0,2.75,3.25,2.8,2.65,3.3,2.65,2.65,3.1,2.6,2.8,3.28,2.76,2.7,3.25,2.7,2.7,3.3,2.8,36,2.81,2.7,3.3,3.21,2.8,2.69,34,2.2,2.1,1.8,1.72,16,-0.25,2.4,2.28,1.7,1.64,2.94,3.46,2.53
E1,06/10/2018,Sheffield United,Hull,1,0,H,0,0,D,P Bankes,12,8,3,3,11,9,7,5,2,1,0,0,1.6,4.2,6,1.57,4,5.75,1.55,4,5.6,1.57,4.25,6.3,1.6,4.2,5.5,1.62,4.1,6,36,1.62,1.58,4.3,4.04,6.3,5.79,35,1.9,1.82,2.06,1.97,20,-1,2.07,1.98,1.95,1.86,1.53,4.37,6.81
E1,06/10/2018,Swansea,Ipswich,2,3,A,1,2,A,O Langford,18,8,3,3,5,13,13,6,1,2,0,0,1.83,3.6,5,1.8,3.5,4.6,1.75,3.4,4.7,1.81,3.67,4.94,1.8,3.6,4.6,1.8,3.6,5,36,1.83,1.79,3.67,3.54,5.01,4.73,32,2.35,2.25,1.7,1.62,19,-0.75,2.1,2.03,1.86,1.82,1.96,3.19,4.92
E1,06/10/2018,West Brom,Reading,4,1,H,0,1,A,D England,14,15,5,6,10,11,7,7,2,3,0,0,1.53,4.33,7,1.48,4.1,7.25,1.5,4.1,5.6,1.53,4.24,7.02,1.55,4.2,6,1.55,4.3,6.5,36,1.57,1.53,4.5,4.17,7.25,6.34,32,1.75,1.67,2.29,2.17,20,-1,1.94,1.88,2.01,1.96,1.52,4.48,6.67
E1,07/10/2018,Bristol City,Sheffield Weds,1,2,A,0,0,D,A Davies,12,9,5,5,7,22,5,5,1,5,0,0,1.85,3.6,4.75,1.83,3.4,4.5,1.8,3.5,4.25,1.86,3.71,4.54,1.88,3.6,4.2,1.8,3.7,4.1,35,1.9,1.83,3.75,3.59,4.75,4.32,34,1.9,1.82,2.07,1.96,17,-0.75,2.18,2.07,1.85,1.77,1.93,3.61,4.35
E1,19/10/2018,Sheffield Weds,Middlesbrough,1,2,A,0,0,D,P Bankes,14,15,3,5,14,19,3,8,1,3,0,0,3.7,3.25,2.25,3.5,3.25,2.15,3.35,3.1,2.15,3.66,3.28,2.21,3.4,3.2,2.25,3.5,3.25,2.25,39,3.8,3.47,3.3,3.22,2.3,2.21,37,2.3,2.19,1.72,1.66,17,0.25,2.01,1.97,1.98,1.89,3.66,3.28,2.21
E1,20/10/2018,Aston Villa,Swansea,1,0,H,1,0,H,A Madley,11,15,5,4,13,8,3,8,1,1,0,0,1.95,3.5,4.33,1.91,3.25,4.4,1.87,3.35,3.95,1.95,3.53,4.34,1.91,3.4,4.2,1.95,3.5,4.2,39,2,1.92,3.53,3.42,4.4,4.13,37,2,1.92,1.98,1.88,17,-0.25,1.71,1.66,2.34,2.25,1.88,3.61,4.58
E1,20/10/2018,Blackburn,Leeds,2,1,H,1,1,D,D England,18,20,6,6,10,16,7,11,3,2,0,0,3.4,3.4,2.3,3.2,3.3,2.25,3.15,3.25,2.2,3.38,3.35,2.32,3.2,3.3,2.3,3.25,3.4,2.3,39,3.45,3.28,3.45,3.31,2.35,2.25,37,2.04,1.95,1.95,1.84,19,0.25,1.95,1.89,2,1.95,3.23,3.32,2.41
E1,20/10/2018,Brentford,Bristol City,0,1,A,0,0,D,R Jones,11,12,4,5,17,17,8,7,3,3,1,0,1.8,3.8,4.75,1.7,3.8,4.75,1.7,3.75,4.35,1.82,3.8,4.64,1.8,3.8,4.33,1.8,3.9,4.6,39,1.82,1.75,3.92,3.77,4.8,4.56,37,1.79,1.7,2.25,2.13,19,-0.75,2.05,1.96,1.95,1.88,1.65,4.33,5.15
E1,20/10/2018,Derby,Sheffield United,2,1,H,1,1,D,O Langford,12,13,4,4,8,12,4,9,0,1,0,0,2.7,3.4,2.8,2.65,3.3,2.65,2.5,3.2,2.65,2.68,3.44,2.77,2.6,3.4,2.7,2.7,3.4,2.75,39,2.7,2.62,3.45,3.31,2.85,2.71,37,2,1.91,1.99,1.88,19,-0.25,2.33,2.23,1.71,1.67,2.81,3.21,2.75
E1,20/10/2018,Hull,Preston,1,1,D,0,0,D,G Ward,14,14,5,4,9,11,8,3,1,4,0,0,2.7,3.4,2.75,2.6,3.2,2.75,2.6,3.3,2.55,2.75,3.39,2.73,2.62,3.3,2.7,2.75,3.4,2.7,39,2.75,2.67,3.43,3.31,2.75,2.65,37,2,1.89,2.02,1.9,17,0,1.99,1.93,1.96,1.91,2.59,3.41,2.9
E1,20/10/2018,Ipswich,QPR,0,2,A,0,2,A,G Eltringham,3,13,1,5,9,17,2,12,0,1,0,0,2.8,3.2,2.8,2.65,3.1,2.8,2.6,3,2.7,2.81,3.1,2.89,2.75,3.1,2.75,2.75,3.2,2.8,39,2.85,2.7,3.33,3.07,2.9,2.78,35,2.35,2.23,1.7,1.64,19,-0.25,2.37,2.29,1.69,1.64,2.99,3.11,2.71
E1,20/10/2018,Nott'm Forest,Norwich,1,2,A,1,0,H,K Stroud,7,19,2,7,17,11,0,12,3,3,0,0,2.4,3.4,3.2,2.25,3.2,3.25,2.3,3.2,3.05,2.39,3.28,3.32,2.35,3.3,3.1,2.38,3.4,3.2,39,2.45,2.33,3.4,3.23,3.32,3.15,37,2.02,1.94,1.92,1.85,20,-0.25,2.06,2,1.89,1.85,2.52,3.25,3.11
E1,20/10/2018,Reading,Millwall,3,1,H,2,1,H,D Webb,9,26,4,11,15,9,6,14,1,2,0,0,2.9,3.25,2.7,2.65,3.2,2.7,2.75,3.1,2.55,2.93,3.2,2.69,2.8,3.2,2.62,2.8,3.25,2.7,39,2.95,2.78,3.3,3.15,2.8,2.64,37,2.2,2.1,1.79,1.72,17,0.25,1.72,1.66,2.31,2.23,3.04,3.3,2.55
E1,20/10/2018,Rotherham,Bolton,1,1,D,0,0,D,T Robinson,16,12,3,3,21,18,5,4,2,2,0,0,2.25,3.3,3.6,2.15,3.25,3.5,2.15,3.15,3.35,2.26,3.27,3.6,2.25,3.25,3.4,2.25,3.3,3.5,39,2.3,2.2,3.35,3.22,3.61,3.45,37,2.19,2.09,1.8,1.73,19,-0.25,1.93,1.88,2.04,1.97,2.3,3.2,3.59
E1,20/10/2018,Stoke,Birmingham,0,1,A,0,0,D,R East,19,13,3,6,11,17,11,4,1,2,0,0,2.04,3.4,4.2,1.95,3.3,4.1,1.95,3.25,3.9,2.05,3.32,4.21,2,3.3,4,2.05,3.4,4,39,2.05,1.99,3.4,3.3,4.4,4.01,36,2.26,2.16,1.75,1.68,19,-0.25,1.75,1.7,2.26,2.18,2,3.28,4.54
E1,20/10/2018,Wigan,West Brom,1,0,H,0,0,D,J Simpson,11,7,3,1,12,14,4,3,3,4,0,1,3.2,3.6,2.3,3.1,3.4,2.25,3,3.5,2.15,3.21,3.71,2.25,3.1,3.6,2.25,3.1,3.7,2.3,39,3.21,3.1,3.75,3.53,2.3,2.23,37,1.81,1.73,2.23,2.09,19,0.25,1.96,1.9,2,1.94,3.25,3.65,2.26
E1,23/10/2018,Birmingham,Reading,2,1,H,0,0,D,T Harrington,14,11,5,7,11,8,7,8,1,2,0,0,1.75,3.75,5.25,1.78,3.4,5,1.7,3.55,4.8,1.74,3.77,5.3,1.75,3.7,4.75,1.75,3.8,5.2,37,1.8,1.75,3.8,3.61,5.45,4.9,36,2.09,2,1.9,1.8,20,-1,2.49,2.37,1.65,1.59,1.74,3.69,5.5
E1,23/10/2018,Middlesbrough,Rotherham,0,0,D,0,0,D,D Bond,20,8,5,2,6,11,13,7,0,1,0,0,1.4,4.8,9.5,1.4,4.5,8.25,1.4,4.2,7.6,1.42,4.51,9.57,1.42,4.6,8,1.4,4.8,9,37,1.45,1.41,4.8,4.44,9.95,8.45,36,2.02,1.95,1.98,1.85,22,-1,1.72,1.67,2.45,2.23,1.44,4.13,10.2
E1,23/10/2018,Millwall,Wigan,2,1,H,0,1,A,J Linington,21,9,5,1,17,17,10,2,3,2,0,0,2.2,3.5,3.5,2.15,3.3,3.4,2.1,3.3,3.35,2.23,3.4,3.54,2.15,3.4,3.4,2.2,3.5,3.5,37,2.25,2.17,3.5,3.35,3.6,3.4,36,2.13,2.01,1.9,1.78,19,-0.25,1.91,1.86,2.05,1.98,2.17,3.41,3.67
E1,23/10/2018,Norwich,Aston Villa,2,1,H,0,1,A,S Hooper,10,8,2,1,15,13,7,7,2,1,0,0,2.3,3.4,3.4,2.25,3.25,3.2,2.15,3.25,3.2,2.28,3.41,3.41,2.25,3.4,3.2,2.3,3.4,3.3,37,2.35,2.26,3.45,3.33,3.42,3.23,36,2.06,2,1.9,1.8,19,-0.25,1.97,1.93,1.98,1.92,2.26,3.43,3.43
E1,23/10/2018,QPR,Sheffield Weds,3,0,H,1,0,H,J Brooks,22,14,8,4,10,10,4,9,0,0,0,0,2.1,3.4,3.9,2,3.3,3.9,1.95,3.35,3.7,2.08,3.44,3.93,2.05,3.4,3.6,2.1,3.5,3.75,37,2.15,2.03,3.55,3.38,4,3.76,36,1.97,1.89,2.02,1.9,18,-0.25,1.8,1.75,2.19,2.11,2,3.48,4.18
E1,23/10/2018,Sheffield United,Stoke,1,1,D,0,0,D,G Ward,22,10,6,4,13,10,14,4,1,1,0,0,1.95,3.6,4.2,1.91,3.4,4.1,1.9,3.4,3.85,1.99,3.46,4.25,2,3.5,3.8,2,3.6,4,37,2.05,1.95,3.65,3.44,4.25,3.98,36,2.03,1.92,1.98,1.87,17,-0.75,2.31,2.24,1.7,1.67,2.27,3.21,3.66
E1,23/10/2018,Swansea,Blackburn,3,1,H,0,1,A,G Eltringham,16,9,2,3,11,13,5,4,0,2,0,0,2.3,3.25,3.5,2.25,3.25,3.3,2.2,3.15,3.25,2.32,3.31,3.43,2.3,3.3,3.25,2.25,3.4,3.4,37,2.32,2.24,3.4,3.25,3.55,3.34,36,2.16,2.06,1.83,1.75,19,-0.25,1.98,1.93,1.97,1.92,2.25,3.35,3.54
E1,24/10/2018,Bolton,Nott'm Forest,0,3,A,0,1,A,A Davies,10,12,1,8,10,13,4,4,1,2,0,0,3.6,3.3,2.25,3.5,3.25,2.15,3.3,3.1,2.15,3.59,3.18,2.31,3.4,3.2,2.25,3.5,3.3,2.25,36,3.75,3.45,3.35,3.19,2.31,2.21,35,2.21,2.11,1.77,1.71,18,0.25,2.01,1.94,1.96,1.9,3.5,3.22,2.33
E1,24/10/2018,Bristol City,Hull,1,0,H,0,0,D,P Bankes,17,13,7,2,10,11,7,7,1,1,0,0,1.9,3.6,4.5,1.8,3.6,4.33,1.8,3.45,4.2,1.86,3.63,4.64,1.88,3.6,4.2,1.9,3.6,4.5,36,1.9,1.85,3.75,3.53,4.65,4.34,35,1.95,1.89,2,1.9,21,-0.75,2.16,2.09,1.8,1.75,1.91,3.55,4.49
E1,24/10/2018,Leeds,Ipswich,2,0,H,1,0,H,C Pawson,18,3,5,2,10,12,15,0,1,3,0,0,1.44,4.75,8.5,1.45,4.4,7,1.41,4.35,7.1,1.43,4.53,8.76,1.42,4.6,7.5,1.44,4.75,8.5,36,1.45,1.42,4.8,4.49,8.76,7.77,35,1.87,1.8,2.1,2,18,-1,1.75,1.68,2.28,2.2,1.45,4.47,8.51
E1,24/10/2018,Preston,Brentford,4,3,H,3,1,H,S Duncan,15,15,8,8,8,16,4,6,2,2,0,0,3,3.5,2.45,2.9,3.4,2.4,2.75,3.35,2.4,2.94,3.52,2.5,2.8,3.5,2.45,2.9,3.5,2.5,36,3,2.87,3.55,3.41,2.5,2.42,35,1.85,1.77,2.12,2.03,18,0.25,1.82,1.78,2.15,2.09,2.85,3.58,2.54
E1,24/10/2018,West Brom,Derby,1,4,A,0,2,A,R Joyce,16,20,5,9,9,16,4,2,1,2,0,0,2.04,3.6,3.8,1.95,3.5,3.8,1.93,3.5,3.65,1.98,3.77,3.91,2,3.7,3.6,1.95,3.75,3.9,36,2.04,1.97,3.77,3.59,4,3.73,35,1.85,1.78,2.11,2.01,19,-0.25,1.75,1.71,2.26,2.17,2.04,3.61,3.85
E1,26/10/2018,QPR,Aston Villa,1,0,H,1,0,H,D England,16,18,7,5,23,12,5,9,3,0,0,0,2.62,3.3,2.9,2.7,3.2,2.75,2.55,3.15,2.7,2.63,3.33,2.9,2.55,3.3,2.8,2.6,3.3,2.9,37,2.75,2.59,3.4,3.25,2.96,2.8,34,2.05,1.98,1.91,1.81,19,-0.25,2.28,2.18,1.76,1.7,2.62,3.41,2.86
E1,27/10/2018,Birmingham,Sheffield Weds,3,1,H,1,1,D,D Bond,16,12,4,4,2,12,10,6,0,1,0,0,1.85,3.75,4.5,1.83,3.6,4.25,1.75,3.55,4.4,1.81,3.87,4.63,1.8,3.8,4.33,1.83,3.8,4.6,37,1.87,1.81,3.87,3.63,4.8,4.4,34,2.1,1.99,1.86,1.8,19,-0.75,2.1,2.05,1.85,1.81,1.99,3.27,4.57
E1,27/10/2018,Bolton,Hull,0,1,A,0,1,A,D Webb,16,7,3,2,12,13,3,2,1,2,0,0,2.9,3.3,2.62,2.8,3.25,2.55,2.85,3.1,2.5,3.01,3.22,2.62,2.88,3.25,2.55,3,3.3,2.55,37,3.1,2.89,3.3,3.17,2.75,2.53,33,2.25,2.17,1.75,1.67,19,0.25,1.76,1.71,2.23,2.16,3.02,3.29,2.57
E1,27/10/2018,Bristol City,Stoke,0,1,A,0,1,A,A Madley,22,8,8,3,9,11,7,11,1,2,0,0,2.5,3.4,3,2.4,3.3,2.95,2.4,3.25,2.85,2.56,3.38,2.95,2.5,3.3,2.88,2.55,3.4,2.9,37,2.58,2.45,3.45,3.32,3,2.9,34,2,1.91,1.95,1.87,19,-0.25,2.19,2.11,1.8,1.75,2.75,3.29,2.8
E1,27/10/2018,Leeds,Nott'm Forest,1,1,D,0,1,A,G Eltringham,18,3,3,1,11,17,6,3,1,4,0,0,1.75,3.9,5,1.72,3.6,5,1.67,3.75,4.75,1.69,4.12,5.1,1.73,4,4.5,1.7,4.1,5,37,1.75,1.7,4.12,3.82,5.25,4.82,34,1.86,1.8,2.1,1.99,19,-0.75,1.95,1.89,2.01,1.95,1.79,3.68,5.04
E1,27/10/2018,Middlesbrough,Derby,1,1,D,0,1,A,S Hooper,10,18,0,7,12,10,9,4,1,1,0,0,2.14,3.3,3.9,2.15,3.2,3.6,2.05,3.1,3.7,2.15,3.2,4.05,2.1,3.2,3.8,2.15,3.3,3.9,37,2.18,2.1,3.3,3.2,4.05,3.77,31,2.45,2.31,1.65,1.59,19,-0.25,1.85,1.79,2.12,2.08,2.2,3.24,3.81
E1,27/10/2018,Millwall,Ipswich,3,0,H,1,0,H,R Jones,7,4,4,0,21,13,4,2,0,1,0,0,1.61,4.2,6,1.6,3.9,5.5,1.57,3.85,5.5,1.62,4.24,5.63,1.6,4.2,5.5,1.62,4.1,6,37,1.7,1.6,4.25,3.99,6,5.5,34,2.05,1.97,1.9,1.82,21,-1,2.3,2.1,1.85,1.75,1.66,3.93,5.79
E1,27/10/2018,Norwich,Brentford,1,0,H,1,0,H,O Langford,11,11,3,5,14,13,4,5,0,1,0,0,2.37,3.5,3.1,2.35,3.3,3,2.3,3.35,2.9,2.45,3.5,3.03,2.4,3.5,2.88,2.4,3.6,3,37,2.45,2.35,3.6,3.4,3.2,2.97,34,1.85,1.79,2.08,2,19,-0.25,2.1,2.04,1.86,1.81,2.52,3.43,2.97
E1,27/10/2018,Preston,Rotherham,1,1,D,1,0,H,J Simpson,15,12,6,5,8,15,8,7,1,1,0,0,1.66,4,5.75,1.62,3.8,5.5,1.6,3.8,5.1,1.65,4,5.84,1.67,3.9,5.25,1.67,4,5.5,37,1.7,1.64,4.1,3.85,5.84,5.4,34,1.9,1.82,2.05,1.96,21,-1,2.2,2.12,1.8,1.73,1.58,4.34,5.92
E1,27/10/2018,Sheffield United,Wigan,4,2,H,2,1,H,T Harrington,12,15,4,7,15,12,6,11,3,2,0,0,1.7,4,5.25,1.67,3.7,5.25,1.63,3.8,4.85,1.68,4.25,5.05,1.65,4.2,5,1.7,4,5.2,37,1.75,1.67,4.25,3.89,5.25,4.95,34,1.9,1.83,2.04,1.95,20,-1,2.35,2.19,1.75,1.69,1.65,4.17,5.43
E1,27/10/2018,Swansea,Reading,2,0,H,1,0,H,K Stroud,25,14,9,4,5,14,7,8,2,1,0,0,1.83,3.75,4.75,1.78,3.7,4.4,1.75,3.6,4.35,1.82,3.85,4.59,1.8,3.8,4.33,1.83,3.8,4.5,37,1.85,1.79,3.9,3.7,4.75,4.44,34,1.98,1.9,1.95,1.88,19,-0.75,2.08,2.03,1.9,1.83,1.75,3.98,4.83
E1,27/10/2018,West Brom,Blackburn,1,1,D,1,0,H,S Duncan,19,9,7,5,8,6,6,3,1,1,0,0,1.75,3.75,5.25,1.78,3.5,4.75,1.7,3.65,4.65,1.75,3.79,5.16,1.78,3.7,4.6,1.8,3.8,4.75,37,1.8,1.74,3.95,3.68,5.25,4.74,34,1.9,1.83,2.05,1.96,19,-0.75,1.98,1.94,1.95,1.9,1.85,3.55,4.86
E1,02/11/2018,Aston Villa,Bolton,2,0,H,1,0,H,O Langford,17,11,3,3,8,16,2,8,0,3,0,0,1.44,4.5,8.5,1.42,4.5,7.75,1.42,4.25,7,1.45,4.52,8.11,1.44,4.6,7,1.45,4.6,8,38,1.5,1.44,4.6,4.4,8.5,7.6,36,1.93,1.84,2.05,1.96,22,-1,1.8,1.73,2.22,2.14,1.44,4.59,8.23
E1,03/11/2018,Blackburn,QPR,1,0,H,0,0,D,P Bankes,10,5,2,1,13,16,5,2,4,4,0,0,2.5,3.4,3,2.4,3.3,2.95,2.35,3.25,2.9,2.44,3.47,3.06,2.4,3.5,2.9,2.45,3.5,3,38,2.55,2.38,3.5,3.35,3.07,2.97,36,2.1,2,1.88,1.8,20,-0.25,2.12,2.06,1.85,1.8,2.51,3.5,2.94
E1,03/11/2018,Brentford,Millwall,2,0,H,0,0,D,S Hooper,18,10,4,1,8,11,9,3,1,1,0,0,1.9,3.75,4.33,1.83,3.5,4.33,1.85,3.6,3.8,1.93,3.74,4.11,1.95,3.7,3.8,1.95,3.75,4,38,1.95,1.89,3.85,3.66,4.5,3.99,36,1.8,1.73,2.2,2.09,20,-0.75,2.22,2.16,1.77,1.72,1.93,3.6,4.36
E1,03/11/2018,Derby,Birmingham,3,1,H,0,1,A,C Kavanagh,18,6,10,3,5,11,6,7,0,3,0,0,2.04,3.5,4,1.95,3.5,3.8,1.9,3.35,3.9,2.02,3.46,4.13,2,3.4,3.9,2.05,3.4,4,38,2.1,1.97,3.55,3.41,4.15,3.91,36,2.19,2.07,1.8,1.74,20,-0.25,1.75,1.7,2.26,2.19,1.97,3.58,4.16
E1,03/11/2018,Hull,West Brom,1,0,H,1,0,H,K Stroud,13,9,3,2,8,10,4,4,1,0,0,0,3.4,3.6,2.2,3.5,3.3,2.1,3.2,3.35,2.1,3.38,3.57,2.22,3.25,3.5,2.2,3.4,3.5,2.2,38,3.5,3.32,3.6,3.46,2.22,2.15,36,1.91,1.86,2,1.93,20,0.25,2.02,1.97,1.92,1.87,3.17,3.6,2.32
E1,03/11/2018,Ipswich,Preston,1,1,D,1,0,H,A Woolmer,13,8,2,3,17,9,8,6,4,2,0,1,3.4,3.4,2.3,3.3,3.2,2.25,3.25,3.2,2.2,3.51,3.25,2.31,3.4,3.2,2.25,3.4,3.3,2.3,38,3.51,3.33,3.4,3.24,2.35,2.25,36,2.24,2.12,1.76,1.71,20,0.25,1.99,1.92,1.98,1.92,3.6,3.27,2.26
E1,03/11/2018,Nott'm Forest,Sheffield United,1,0,H,0,0,D,S Duncan,12,11,2,1,12,9,4,9,3,1,0,0,3.1,3.4,2.45,3.1,3.3,2.3,2.95,3.2,2.3,3.11,3.34,2.48,3,3.3,2.4,3.1,3.4,2.45,38,3.15,3.01,3.45,3.31,2.55,2.38,36,2.05,1.95,1.93,1.84,20,0.25,1.85,1.8,2.11,2.06,3.03,3.41,2.49
E1,03/11/2018,Reading,Bristol City,3,2,H,2,2,D,J Linington,8,21,3,7,11,10,1,6,5,2,0,0,3.5,3.4,2.25,3.2,3.25,2.25,3.2,3.25,2.15,3.36,3.47,2.27,3.2,3.4,2.25,3.3,3.4,2.3,38,3.6,3.29,3.47,3.33,2.3,2.22,36,2,1.94,1.95,1.86,20,0.25,1.97,1.93,1.96,1.92,3.45,3.48,2.23
E1,03/11/2018,Rotherham,Swansea,2,1,H,0,1,A,T Harrington,7,12,4,4,17,12,3,2,2,4,0,0,3.5,3.4,2.25,3.5,3.3,2.1,3.3,3.15,2.15,3.61,3.24,2.27,3.3,3.3,2.25,3.4,3.3,2.25,38,3.61,3.4,3.4,3.25,2.35,2.2,36,2.1,2.02,1.87,1.79,20,0.25,2,1.95,1.95,1.9,3.63,3.34,2.22
E1,03/11/2018,Sheffield Weds,Norwich,0,4,A,0,0,D,S Martin,16,16,4,10,20,4,4,6,4,2,0,0,3.3,3.5,2.3,3.25,3.25,2.25,3.05,3.25,2.25,3.24,3.48,2.33,3.1,3.4,2.3,3.2,3.4,2.38,38,3.3,3.16,3.5,3.33,2.38,2.29,36,2.05,1.98,1.92,1.82,20,0.25,1.92,1.87,2.05,1.98,3.32,3.5,2.28
E1,03/11/2018,Stoke,Middlesbrough,0,0,D,0,0,D,R Jones,13,11,1,4,8,10,7,2,1,1,0,0,2.54,3.2,3.1,2.45,3.1,3,2.4,3.05,3,2.56,3.11,3.19,2.6,3.1,2.9,2.6,3.2,3,38,2.7,2.49,3.25,3.11,3.19,3.03,33,2.37,2.26,1.67,1.62,19,-0.25,2.2,2.13,1.78,1.75,2.59,3.08,3.19
E1,04/11/2018,Wigan,Leeds,1,2,A,1,1,D,A Davies,6,12,1,4,12,15,4,6,2,2,0,0,3.5,3.5,2.2,3.4,3.3,2.15,3.3,3.3,2.1,3.56,3.43,2.21,3.4,3.4,2.15,3.5,3.4,2.2,37,3.56,3.37,3.55,3.37,2.25,2.17,35,2,1.92,1.94,1.87,19,0.25,2.06,1.98,1.91,1.86,3.85,3.5,2.08
E1,09/11/2018,Sheffield United,Sheffield Weds,0,0,D,0,0,D,A Madley,19,7,5,1,5,11,12,4,0,3,0,0,1.53,4.33,7,1.5,4.33,7,1.53,3.9,6,1.5,4.4,7.24,1.52,4.33,6.5,1.5,4.4,7,38,1.55,1.5,4.48,4.31,7.24,6.6,36,1.76,1.69,2.24,2.15,22,-1,1.87,1.81,2.11,2.04,1.53,4.28,6.87
E1,10/11/2018,Birmingham,Hull,3,3,D,2,0,H,G Ward,11,12,4,5,9,11,3,3,1,3,0,0,2,3.4,4.33,1.95,3.2,4.2,1.95,3.25,3.85,2.04,3.24,4.37,2.05,3.4,3.8,2.05,3.4,4,38,2.05,1.99,3.45,3.31,4.37,4.03,36,2.2,2.09,1.8,1.73,18,-0.25,1.75,1.71,2.25,2.18,2.33,3.13,3.61
E1,10/11/2018,Blackburn,Rotherham,1,1,D,0,0,D,D Webb,25,13,9,1,9,10,11,3,0,1,0,0,1.7,3.8,5.75,1.67,3.75,5.25,1.7,3.55,4.7,1.76,3.71,5.24,1.78,3.7,4.6,1.75,3.8,5,38,1.8,1.72,3.85,3.69,5.75,4.96,36,2.05,1.96,1.95,1.84,20,-0.75,2.03,1.96,1.95,1.89,1.74,3.78,5.27
E1,10/11/2018,Bolton,Swansea,0,1,A,0,1,A,G Scott,12,10,3,2,14,9,2,6,3,3,0,0,4,3.4,2.1,3.6,3.3,2.1,3.65,3.15,2.05,3.88,3.33,2.14,3.7,3.3,2.1,3.7,3.4,2.15,38,4,3.7,3.4,3.27,2.2,2.09,36,2.31,2.19,1.73,1.66,20,0.25,2.11,2.06,1.85,1.8,3.85,3.42,2.11
E1,10/11/2018,Bristol City,Preston,0,1,A,0,1,A,G Eltringham,6,9,1,3,15,14,3,2,1,2,0,0,2.14,3.5,3.6,2.1,3.3,3.5,2.05,3.3,3.4,2.15,3.56,3.59,2.15,3.5,3.4,2.15,3.5,3.6,38,2.2,2.11,3.56,3.41,3.75,3.48,35,2,1.89,2.01,1.89,20,-0.25,1.88,1.82,2.1,2.03,2.09,3.58,3.72
E1,10/11/2018,Derby,Aston Villa,0,3,A,0,0,D,J Brooks,11,21,5,5,17,10,2,5,3,2,0,0,2.1,3.6,3.75,2.1,3.3,3.6,2.05,3.35,3.45,2.1,3.51,3.77,2.1,3.5,3.5,2.1,3.6,3.6,38,2.15,2.08,3.6,3.43,3.77,3.54,36,1.9,1.82,2.06,1.98,20,-0.25,1.85,1.79,2.13,2.06,2.24,3.43,3.48
E1,10/11/2018,Middlesbrough,Wigan,2,0,H,2,0,H,D England,19,13,4,1,16,12,4,4,1,2,0,0,1.66,3.8,6,1.62,3.75,5.75,1.6,3.6,5.5,1.65,3.85,6.08,1.63,3.8,5.8,1.67,3.8,6,38,1.7,1.64,3.9,3.7,6.08,5.73,36,2.25,2.17,1.75,1.68,22,-1,2.25,2.17,1.75,1.7,1.74,3.44,6.09
E1,10/11/2018,Norwich,Millwall,4,3,H,0,1,A,J Simpson,21,8,7,4,11,17,6,3,2,5,0,0,1.85,3.75,4.5,1.78,3.6,4.5,1.85,3.45,4.1,1.93,3.59,4.32,1.91,3.5,4,1.93,3.7,4.2,38,1.93,1.87,3.75,3.54,4.5,4.23,36,2.08,2,1.86,1.8,20,-0.75,2.25,2.15,1.78,1.72,1.81,3.82,4.72
E1,10/11/2018,Nott'm Forest,Stoke,0,0,D,0,0,D,O Langford,12,8,4,2,11,10,4,4,1,0,0,0,2.6,3.3,3,2.4,3.25,2.95,2.5,3.1,2.75,2.64,3.27,2.93,2.55,3.25,2.88,2.63,3.25,2.9,38,2.7,2.54,3.3,3.21,3,2.87,36,2.2,2.1,1.77,1.72,20,-0.25,2.25,2.18,1.75,1.71,2.73,3.27,2.84
E1,10/11/2018,QPR,Brentford,3,2,H,0,1,A,J Linington,17,12,7,6,13,12,2,5,2,1,0,0,3,3.5,2.45,2.95,3.4,2.35,2.9,3.35,2.3,3.02,3.52,2.44,2.8,3.4,2.45,3,3.5,2.45,38,3.1,2.95,3.55,3.41,2.5,2.37,36,1.9,1.82,2.05,1.98,20,0.25,1.85,1.8,2.13,2.06,3.1,3.66,2.33
E1,10/11/2018,Reading,Ipswich,2,2,D,1,2,A,D Bond,12,11,4,5,6,10,4,5,1,2,0,0,2.3,3.3,3.5,2.15,3.3,3.4,2.2,3.15,3.3,2.32,3.18,3.58,2.3,3.2,3.3,2.3,3.3,3.4,38,2.38,2.25,3.35,3.2,3.58,3.38,36,2.15,2.05,1.84,1.75,20,-0.25,1.96,1.92,1.97,1.92,2.42,3.08,3.48
E1,10/11/2018,West Brom,Leeds,4,1,H,0,0,D,L Mason,20,15,6,3,10,12,3,3,2,0,0,0,2.7,3.6,2.62,2.65,3.4,2.55,2.5,3.4,2.6,2.69,3.49,2.73,2.6,3.5,2.62,2.63,3.6,2.7,38,2.75,2.62,3.6,3.43,2.75,2.64,36,1.79,1.73,2.2,2.09,18,-0.25,2.31,2.24,1.73,1.67,2.75,3.39,2.73
E1,23/11/2018,Ipswich,West Brom,1,2,A,0,1,A,K Stroud,12,13,2,3,9,13,8,5,1,3,0,0,4.5,3.6,1.9,4.1,3.4,1.91,3.7,3.35,1.95,4.59,3.55,1.89,4.5,3.5,1.83,4.4,3.6,1.9,38,4.6,4.34,3.65,3.46,1.95,1.88,36,2.11,2.01,1.85,1.79,21,0.75,1.8,1.73,2.2,2.14,4.14,3.33,2.07
E1,24/11/2018,Brentford,Middlesbrough,1,2,A,0,0,D,J Brooks,17,11,9,4,6,11,9,4,1,2,0,0,2.5,3.4,3,2.35,3.3,3,2.45,3.1,2.9,2.58,3.21,3.07,2.45,3.3,2.9,2.5,3.4,3,38,2.6,2.46,3.4,3.21,3.15,2.98,36,2.27,2.12,1.76,1.7,21,-0.25,2.2,2.11,1.82,1.75,2.48,3.26,3.18
E1,24/11/2018,Hull,Nott'm Forest,0,2,A,0,0,D,G Scott,7,15,1,6,10,6,6,5,2,0,0,0,2.62,3.3,2.9,2.5,3.2,2.9,2.5,3.1,2.8,2.6,3.19,3.06,2.55,3.2,2.9,2.6,3.3,2.9,38,2.7,2.53,3.3,3.16,3.06,2.89,36,2.2,2.09,1.8,1.72,21,-0.25,2.23,2.17,1.76,1.71,2.57,3.32,2.99
E1,24/11/2018,Leeds,Bristol City,2,0,H,0,0,D,S Duncan,20,7,6,1,7,9,10,8,1,0,0,1,1.8,3.9,4.75,1.67,3.9,5,1.73,3.7,4.4,1.79,3.8,4.88,1.78,3.8,4.4,1.8,3.9,4.6,38,1.8,1.75,4,3.74,5,4.66,36,1.83,1.77,2.14,2.03,21,-0.75,2.01,1.96,1.95,1.88,1.99,3.45,4.29
E1,24/11/2018,Millwall,Bolton,1,1,D,0,1,A,L Swabey,13,9,5,4,12,12,10,4,1,2,0,0,1.61,4,6.5,1.6,3.8,5.75,1.6,3.7,5.4,1.58,4.03,6.73,1.6,3.9,6,1.6,4,6.5,38,1.62,1.58,4.1,3.86,6.74,6.15,36,2.15,2.04,1.82,1.76,23,-1,2.08,2.02,1.9,1.82,1.66,3.73,6.3
E1,24/11/2018,Preston,Blackburn,4,1,H,2,0,H,A Madley,15,11,5,6,8,7,4,5,1,2,0,0,2.2,3.4,3.6,2.1,3.3,3.5,2.1,3.2,3.45,2.16,3.43,3.7,2.15,3.4,3.4,2.2,3.4,3.6,37,2.25,2.15,3.45,3.32,3.7,3.5,35,2.15,2.05,1.83,1.76,20,-0.25,1.88,1.84,2.08,2.02,2.26,3.37,3.48
E1,24/11/2018,Rotherham,Sheffield United,2,2,D,0,1,A,P Bankes,26,6,8,4,14,12,6,5,0,1,0,0,5.25,3.8,1.75,4.75,3.7,1.72,4.65,3.6,1.7,5.21,3.73,1.76,5,3.7,1.73,5.2,3.8,1.75,38,5.4,4.89,3.9,3.66,1.8,1.73,36,1.98,1.89,1.99,1.9,21,0.75,1.96,1.91,2,1.93,5.26,3.81,1.74
E1,24/11/2018,Sheffield Weds,Derby,1,2,A,1,2,A,J Simpson,14,9,3,3,11,14,6,9,0,3,0,0,3.75,3.6,2.1,3.5,3.5,2.05,3.3,3.3,2.1,3.67,3.65,2.09,3.4,3.6,2.1,3.6,3.6,2.1,38,3.75,3.51,3.65,3.51,2.15,2.06,36,1.82,1.75,2.16,2.05,21,0.25,2.13,2.07,1.85,1.78,3.5,3.62,2.16
E1,24/11/2018,Stoke,QPR,2,2,D,1,1,D,A Davies,14,8,3,4,8,13,6,2,1,4,0,0,2,3.5,4.2,1.91,3.4,4.1,1.9,3.3,3.95,2.01,3.43,4.23,2,3.4,3.9,2.05,3.5,3.9,38,2.05,1.97,3.55,3.37,4.25,4,36,2.15,2.06,1.82,1.75,19,-0.75,2.34,2.26,1.71,1.66,1.97,3.45,4.36
E1,24/11/2018,Swansea,Norwich,1,4,A,1,3,A,D Bond,13,11,6,7,11,13,7,2,0,2,0,0,2.5,3.4,3,2.45,3.2,2.95,2.5,3.15,2.75,2.63,3.21,3.01,2.5,3.3,2.88,2.55,3.4,2.9,38,2.65,2.54,3.4,3.21,3.01,2.87,36,2.1,2.03,1.85,1.78,21,-0.25,2.25,2.17,1.76,1.71,2.6,3.31,2.96
E1,24/11/2018,Wigan,Reading,0,0,D,0,0,D,O Langford,18,8,5,2,14,14,9,7,3,1,0,0,1.85,3.75,4.5,1.78,3.5,4.6,1.85,3.45,4,1.9,3.55,4.54,1.88,3.6,4.2,1.9,3.75,4.2,38,1.9,1.84,3.75,3.55,4.75,4.34,36,1.86,1.8,2.1,1.99,21,-0.75,2.2,2.1,1.81,1.76,1.79,3.81,4.81
E1,25/11/2018,Aston Villa,Birmingham,4,2,H,2,1,H,R Jones,12,10,5,3,9,20,3,6,2,3,0,0,1.85,3.8,4.5,1.83,3.5,4.4,1.9,3.45,3.8,1.86,3.56,4.75,1.8,3.7,4.5,1.83,3.8,4.5,38,1.92,1.83,3.8,3.55,4.75,4.43,36,2.05,1.97,1.91,1.82,21,-0.75,2.15,2.07,1.85,1.77,1.88,3.58,4.68
E1,27/11/2018,Brentford,Sheffield United,2,3,A,1,2,A,S Martin,14,18,3,5,6,7,2,9,1,1,0,0,2.54,3.5,2.9,2.45,3.3,3,2.45,3.35,2.7,2.6,3.36,2.92,2.5,3.4,2.8,2.45,3.5,2.88,39,2.6,2.49,3.55,3.36,3,2.84,37,1.8,1.73,2.2,2.09,21,-0.25,2.22,2.14,1.78,1.73,2.42,3.44,3.11
E1,27/11/2018,Hull,Norwich,0,0,D,0,0,D,G Eltringham,14,18,4,4,9,8,4,7,0,0,0,0,3.6,3.5,2.14,3.4,3.5,2.15,3.35,3.35,2.05,3.61,3.5,2.16,3.5,3.4,2.15,3.5,3.5,2.2,39,3.67,3.44,3.55,3.43,2.2,2.13,37,1.97,1.88,1.97,1.91,21,0.25,2.07,2.01,1.87,1.84,3.7,3.38,2.18
E1,27/11/2018,Leeds,Reading,1,0,H,0,0,D,M Dean,19,9,5,2,12,9,3,3,3,2,0,0,1.4,4.75,10,1.4,4.75,8.75,1.37,4.65,7.4,1.39,4.92,9.1,1.38,4.75,9,1.4,5,8.5,36,1.41,1.38,5.05,4.8,10,8.26,32,1.68,1.63,2.38,2.25,19,-1.25,1.91,1.85,2.04,1.98,1.39,4.86,9.1
E1,27/11/2018,Preston,Middlesbrough,1,1,D,1,0,H,P Bankes,13,11,4,3,15,14,7,5,1,4,0,0,3,3.2,2.62,3,3.1,2.6,2.9,3,2.5,3.02,3.08,2.71,2.9,3.1,2.62,3,3.2,2.63,39,3.05,2.92,3.25,3.09,2.74,2.6,37,2.4,2.28,1.67,1.62,21,0.25,1.75,1.69,2.27,2.2,3.01,3.15,2.66
E1,27/11/2018,Rotherham,QPR,2,2,D,2,1,H,A Woolmer,13,17,7,6,15,10,3,6,0,2,0,0,3.1,3.3,2.5,3,3.3,2.45,2.85,3.15,2.4,3.05,3.41,2.48,3,3.3,2.4,3,3.3,2.5,39,3.1,2.96,3.41,3.27,2.52,2.44,37,2.1,1.99,1.87,1.8,21,0.25,1.81,1.78,2.15,2.09,3.17,3.39,2.41
E1,27/11/2018,Sheffield Weds,Bolton,1,0,H,0,0,D,G Ward,13,8,1,1,13,19,6,5,1,0,0,0,1.95,3.5,4.33,1.91,3.5,4.25,1.87,3.35,4.1,1.94,3.49,4.44,1.91,3.4,4.33,1.93,3.5,4.4,39,2,1.92,3.6,3.43,4.5,4.21,37,2.15,2.07,1.8,1.74,21,-0.75,2.28,2.2,1.75,1.69,2.08,3.28,4.14
E1,28/11/2018,Aston Villa,Nott'm Forest,5,5,D,3,3,D,S Hooper,26,8,12,5,9,18,12,2,3,3,0,1,1.9,3.5,4.6,1.85,3.4,4.4,1.87,3.35,4,1.94,3.47,4.44,1.91,3.4,4.33,1.95,3.5,4.3,39,1.95,1.9,3.7,3.45,4.6,4.23,37,2,1.93,1.94,1.86,21,-0.75,2.25,2.17,1.76,1.71,2.01,3.43,4.2
E1,28/11/2018,Ipswich,Bristol City,2,3,A,1,0,H,D Webb,10,9,3,4,13,9,6,2,3,1,0,0,3.3,3.3,2.37,3.1,3.2,2.35,3.1,3.15,2.25,3.37,3.26,2.37,3.3,3.2,2.3,3.3,3.3,2.38,39,3.4,3.21,3.35,3.22,2.45,2.31,37,2.2,2.12,1.77,1.71,21,0.25,1.93,1.87,2.03,1.98,3.44,3.06,2.45
E1,28/11/2018,Millwall,Birmingham,0,2,A,0,1,A,S Duncan,5,13,3,3,8,12,6,4,1,2,1,0,2.2,3.4,3.6,2.15,3.3,3.4,2.15,3.2,3.35,2.2,3.38,3.62,2.15,3.4,3.5,2.2,3.5,3.5,39,2.25,2.17,3.5,3.32,3.62,3.43,37,2.16,2.06,1.8,1.74,21,-0.25,1.91,1.87,2.04,1.97,2.24,3.35,3.56
E1,28/11/2018,Stoke,Derby,2,1,H,1,0,H,D England,8,16,4,8,12,10,6,7,2,3,1,0,2.45,3.4,3.1,2.35,3.3,3,2.35,3.15,3,2.47,3.31,3.14,2.4,3.3,3,2.4,3.4,3.1,39,2.5,2.39,3.4,3.24,3.2,3.05,37,2.1,2.02,1.86,1.78,21,-0.25,2.1,2.05,1.85,1.8,2.42,3.25,3.29
E1,28/11/2018,Swansea,West Brom,1,2,A,1,2,A,J Linington,19,11,4,3,11,11,8,4,2,0,0,0,2.8,3.4,2.7,2.65,3.3,2.65,2.65,3.25,2.55,2.8,3.43,2.66,2.75,3.3,2.6,2.8,3.4,2.63,39,2.8,2.71,3.45,3.32,2.8,2.62,37,1.95,1.87,2.01,1.91,21,0.25,1.73,1.67,2.3,2.22,2.87,3.39,2.62
E1,28/11/2018,Wigan,Blackburn,3,1,H,1,0,H,K Stroud,17,6,9,2,10,15,5,4,3,1,0,0,2.45,3.3,3.2,2.35,3.25,3.1,2.3,3.15,3,2.47,3.3,3.15,2.4,3.2,3.1,2.45,3.3,3.1,39,2.52,2.39,3.35,3.23,3.25,3.08,37,2.17,2.07,1.8,1.74,21,-0.25,2.12,2.06,1.85,1.8,2.62,3.23,3
E1,01/12/2018,Birmingham,Preston,3,0,H,0,0,D,D Webb,16,8,7,4,10,8,9,2,0,0,0,0,2.4,3.3,3.25,2.25,3.3,3.2,2.35,3.1,3.05,2.45,3.27,3.22,2.4,3.2,3.1,2.4,3.3,3.2,38,2.5,2.36,3.35,3.22,3.29,3.12,36,2.24,2.12,1.76,1.71,21,-0.25,2.1,2.04,1.86,1.82,2.38,3.29,3.33
E1,01/12/2018,Blackburn,Sheffield Weds,4,2,H,1,0,H,R Jones,18,7,7,2,14,14,9,7,1,1,0,0,1.95,3.6,4.2,1.87,3.5,4.2,1.95,3.4,3.7,1.97,3.57,4.18,1.95,3.5,4,2,3.6,4,38,2,1.94,3.65,3.48,4.22,3.96,36,1.9,1.84,2.05,1.96,21,-0.75,2.28,2.21,1.75,1.68,2.19,3.39,3.64
E1,01/12/2018,Bolton,Wigan,1,1,D,1,1,D,S Hooper,11,7,1,2,12,14,5,6,3,2,0,0,3.2,3.3,2.45,3.2,3.2,2.3,2.75,3.2,2.5,3.42,3.27,2.34,3.3,3.2,2.3,3.1,3.25,2.25,38,3.5,3.19,3.3,3.19,2.5,2.33,35,2.25,2.17,1.75,1.68,21,0.25,1.92,1.86,2.04,1.98,3.24,3.25,2.45
E1,01/12/2018,Derby,Swansea,2,1,H,2,0,H,A Madley,16,7,4,2,7,7,5,5,0,0,0,0,1.95,3.5,4.33,1.9,3.4,4.25,1.9,3.45,3.8,1.97,3.42,4.41,1.91,3.5,4.2,2,3.7,3.9,38,2,1.93,3.75,3.46,4.41,4.07,36,1.95,1.87,2,1.92,21,-0.75,2.27,2.2,1.75,1.69,2.03,3.39,4.18
E1,01/12/2018,Middlesbrough,Aston Villa,0,3,A,0,1,A,A Davies,10,20,3,7,12,11,2,7,1,0,0,0,2.14,3.4,3.8,2.1,3.25,3.6,2.25,3.2,3.1,2.21,3.35,3.64,2.15,3.25,3.6,2.2,3.4,3.6,38,2.25,2.14,3.45,3.27,3.8,3.55,36,2.2,2.1,1.8,1.72,21,-0.25,1.89,1.84,2.1,2.01,2.17,3.37,3.74
E1,01/12/2018,Norwich,Rotherham,3,1,H,0,1,A,S Martin,19,10,7,4,7,14,7,5,0,0,0,0,1.44,4.5,8.5,1.42,4.5,7.5,1.45,4,7,1.4,4.82,8.92,1.4,4.6,8.5,1.4,4.8,8.5,38,1.45,1.41,4.95,4.57,8.92,7.84,33,1.75,1.68,2.25,2.15,22,-1,1.75,1.65,2.4,2.27,1.43,4.68,8.43
E1,01/12/2018,Nott'm Forest,Ipswich,2,0,H,2,0,H,J Linington,17,9,6,2,11,14,3,4,2,1,0,0,1.66,3.75,6.5,1.65,3.75,5.25,1.65,3.6,5.1,1.66,3.73,6.29,1.63,3.7,6,1.67,3.8,6,38,1.7,1.64,3.85,3.68,6.5,5.76,36,2.21,2.12,1.76,1.71,23,-1,2.25,2.17,1.75,1.71,1.66,3.73,6.33
E1,01/12/2018,QPR,Hull,2,3,A,1,2,A,J Simpson,22,16,7,7,10,11,9,4,2,1,0,0,1.95,3.5,4.33,1.87,3.4,4.33,1.85,3.3,4.2,1.94,3.42,4.57,1.88,3.4,4.4,1.95,3.5,4.3,38,2,1.9,3.5,3.4,4.57,4.29,36,2.1,2,1.88,1.8,21,-0.75,2.24,2.16,1.77,1.71,2.01,3.34,4.34
E1,01/12/2018,Reading,Stoke,2,2,D,1,0,H,D Coote,13,14,3,6,7,6,5,5,2,1,0,0,4,3.5,2.04,3.75,3.4,2,3.6,3.3,2,3.99,3.52,2.03,3.8,3.4,2.05,3.8,3.5,2.1,38,4,3.75,3.55,3.42,2.1,2.02,36,2.06,1.98,1.9,1.81,21,0.25,2.21,2.13,1.8,1.74,4.43,3.74,1.87
E1,01/12/2018,Sheffield United,Leeds,0,1,A,0,0,D,O Langford,12,11,2,6,14,9,9,3,4,3,0,0,2.35,3.5,3.2,2.25,3.4,3.1,2.25,3.3,3.05,2.35,3.46,3.22,2.3,3.4,3.1,2.38,3.5,3.13,38,2.39,2.3,3.5,3.38,3.25,3.1,36,1.95,1.89,1.97,1.9,21,-0.25,2.03,1.98,1.9,1.86,2.4,3.44,3.15
E1,02/12/2018,Bristol City,Millwall,1,1,D,0,0,D,D England,14,3,1,3,8,12,4,2,2,3,0,0,2.04,3.4,4.1,2,3.4,3.8,1.95,3.4,3.7,2.06,3.39,4.09,2.05,3.3,3.9,2.1,3.4,3.8,38,2.1,2.02,3.5,3.35,4.2,3.85,36,2.15,2.04,1.82,1.75,21,-0.25,1.79,1.73,2.2,2.13,2.01,3.47,4.17
E1,03/12/2018,West Brom,Brentford,1,1,D,0,0,D,D Bond,23,13,5,2,9,9,7,3,0,2,0,0,1.95,3.8,4,1.95,3.6,3.7,1.8,3.5,4.2,1.98,3.7,3.97,1.95,3.7,3.8,1.93,3.8,3.5,37,2,1.93,3.85,3.64,4.2,3.77,33,1.67,1.61,2.44,2.26,19,-0.75,2.27,2.18,1.75,1.69,1.83,3.9,4.42
E1,07/12/2018,West Brom,Aston Villa,2,2,D,1,1,D,D England,14,15,6,7,17,12,5,2,2,1,0,0,2.3,3.75,3.1,2.25,3.6,3.1,2.4,3.3,2.75,2.29,3.65,3.17,2.25,3.5,3.1,2.3,3.7,3,35,2.4,2.26,3.8,3.57,3.19,3.02,32,1.65,1.58,2.46,2.35,18,-0.25,2.02,1.96,1.95,1.88,2.35,3.63,3.09
E1,08/12/2018,Birmingham,Bristol City,0,1,A,0,0,D,J Brooks,8,6,3,2,16,12,6,4,4,3,0,0,2.25,3.3,3.6,2.2,3.2,3.4,2.15,3.2,3.3,2.28,3.32,3.52,2.2,3.3,3.4,2.25,3.4,3.4,38,2.28,2.2,3.4,3.25,3.6,3.4,34,2.3,2.19,1.73,1.67,21,-0.25,1.95,1.9,2,1.95,2.34,3.29,3.4
E1,08/12/2018,Brentford,Swansea,2,3,A,1,3,A,A Woolmer,18,13,5,5,11,9,11,3,1,2,0,0,2.1,3.6,3.75,2.1,3.4,3.5,2.05,3.4,3.35,2.14,3.43,3.74,2.05,3.5,3.6,2.1,3.6,3.5,38,2.15,2.08,3.65,3.45,3.8,3.53,32,1.75,1.7,2.25,2.13,21,-0.25,1.85,1.81,2.11,2.05,2.08,3.56,3.78
E1,08/12/2018,Leeds,QPR,2,1,H,1,1,D,P Bankes,20,10,7,4,11,21,3,2,2,4,0,0,1.7,4,5.25,1.67,3.8,5,1.67,3.6,4.8,1.74,3.67,5.55,1.67,3.8,5.25,1.73,4,5,38,1.75,1.7,4,3.74,5.55,5.07,35,1.9,1.81,2.08,1.99,21,-0.75,1.96,1.91,2,1.94,1.8,3.55,5.23
E1,08/12/2018,Middlesbrough,Blackburn,1,1,D,0,1,A,S Hooper,12,15,5,5,14,12,4,8,2,2,1,0,1.75,3.6,5.75,1.7,3.5,5.5,1.75,3.5,4.5,1.75,3.58,5.69,1.7,3.6,5.5,1.73,3.75,5.4,37,1.76,1.72,3.75,3.54,5.75,5.3,34,2.25,2.18,1.75,1.67,21,-0.75,1.99,1.94,1.95,1.91,1.82,3.3,5.74
E1,08/12/2018,Millwall,Hull,2,2,D,1,1,D,K Stroud,16,7,4,2,7,11,8,3,0,2,0,0,2.25,3.4,3.5,2.2,3.3,3.3,2.25,3.3,3,2.2,3.44,3.56,2.15,3.3,3.5,2.2,3.4,3.5,38,2.27,2.18,3.5,3.31,3.61,3.4,35,2.05,1.98,1.88,1.81,21,-0.25,1.91,1.87,2.05,1.98,2.17,3.46,3.64
E1,08/12/2018,Norwich,Bolton,3,2,H,1,0,H,S Duncan,21,12,7,4,7,13,6,0,1,1,0,1,1.36,5,11,1.35,4.6,10,1.37,4.6,7.5,1.37,4.81,10.77,1.35,4.75,10,1.36,5,10.5,38,1.4,1.35,5,4.69,11,9.81,35,1.95,1.86,2.02,1.93,23,-1.5,2.19,2.09,1.85,1.75,1.41,4.45,10.16
E1,08/12/2018,Nott'm Forest,Preston,0,1,A,0,0,D,S Martin,14,8,3,3,11,12,10,2,1,1,0,0,2.04,3.5,3.9,1.95,3.5,3.8,1.93,3.4,3.8,2,3.59,4.03,1.95,3.5,4,2,3.6,4,38,2.05,1.98,3.6,3.46,4.05,3.83,35,2,1.93,1.92,1.86,21,-0.25,1.76,1.71,2.26,2.18,2.03,3.45,4.1
E1,08/12/2018,Reading,Sheffield United,0,2,A,0,0,D,J Linington,6,13,0,5,10,17,4,9,1,1,0,0,4.75,3.8,1.8,4.75,3.5,1.78,4.2,3.5,1.8,4.79,3.81,1.8,4.75,3.7,1.75,4.8,3.8,1.8,38,4.86,4.58,3.95,3.69,1.8,1.77,35,1.85,1.78,2.1,2.02,21,0.75,1.92,1.87,2.02,1.97,5.14,3.94,1.72
E1,08/12/2018,Sheffield Weds,Rotherham,2,2,D,1,0,H,D Bond,12,15,4,4,12,7,4,2,1,0,0,0,2.14,3.5,3.6,2,3.5,3.6,2.1,3.3,3.35,2.19,3.42,3.61,2.15,3.4,3.5,2.15,3.5,3.6,38,2.2,2.12,3.55,3.38,3.75,3.48,35,1.9,1.84,2.02,1.95,21,-0.25,1.9,1.83,2.08,2.02,2.09,3.46,3.85
E1,08/12/2018,Stoke,Ipswich,2,0,H,1,0,H,G Eltringham,6,9,2,2,16,15,1,5,0,1,0,0,1.44,4.33,9.5,1.48,4,7.5,1.46,3.9,7.2,1.5,4.08,8.47,1.47,4,8,1.5,4.3,7.5,38,1.54,1.47,4.33,4.03,9.5,7.84,35,2.2,2.09,1.8,1.73,23,-1,1.91,1.83,2.08,2.01,1.47,4.16,8.98
E1,08/12/2018,Wigan,Derby,0,1,A,0,1,A,G Ward,7,16,2,5,9,14,1,6,1,2,1,0,3.4,3.4,2.3,3.1,3.3,2.3,3,3.2,2.3,3.2,3.33,2.42,3.1,3.4,2.3,3.1,3.5,2.38,38,3.4,3.12,3.5,3.31,2.45,2.32,35,2.02,1.93,1.95,1.87,21,0.25,1.9,1.84,2.07,2.01,3.02,3.36,2.52
E1,14/12/2018,Sheffield United,West Brom,1,2,A,1,1,D,J Simpson,10,14,3,5,8,12,5,5,1,0,0,0,2.2,3.6,3.4,2.2,3.5,3.25,2.15,3.35,3.1,2.29,3.55,3.25,2.25,3.5,3.1,2.25,3.6,3.2,36,2.29,2.22,3.6,3.47,3.4,3.2,34,1.9,1.83,2.1,1.97,21,-0.25,1.99,1.93,1.96,1.91,2.26,3.5,3.36
E1,15/12/2018,Aston Villa,Stoke,2,2,D,0,0,D,P Bankes,9,16,5,8,10,16,8,3,2,4,0,0,2.04,3.7,3.8,1.95,3.6,3.7,1.97,3.5,3.5,2.06,3.64,3.75,2,3.6,3.7,2.05,3.7,3.7,36,2.1,2.01,3.75,3.56,3.8,3.62,34,1.8,1.74,2.16,2.07,21,-0.25,1.8,1.75,2.2,2.11,2.23,3.41,3.53
E1,15/12/2018,Blackburn,Birmingham,2,2,D,1,0,H,T Harrington,8,12,5,6,11,13,2,2,1,2,0,0,2.45,3.3,3.2,2.35,3.2,3.1,2.3,3.1,3.05,2.46,3.27,3.19,2.38,3.25,3.1,2.4,3.4,3.13,36,2.5,2.37,3.4,3.23,3.25,3.09,34,2.23,2.12,1.78,1.7,21,-0.25,2.1,2.03,1.88,1.82,2.42,3.29,3.25
E1,15/12/2018,Bolton,Leeds,0,1,A,0,0,D,R Jones,4,12,0,4,14,11,4,10,2,1,0,0,5.75,3.8,1.7,5.25,3.6,1.7,5.1,3.55,1.65,5.74,3.7,1.71,5.5,3.7,1.67,5.25,3.8,1.73,36,5.75,5.36,3.85,3.67,1.73,1.68,34,2.06,2,1.88,1.81,23,1,1.75,1.69,2.28,2.2,5.94,3.81,1.67
E1,15/12/2018,Bristol City,Norwich,2,2,D,1,1,D,R East,13,9,6,5,10,16,7,1,1,3,0,0,2.9,3.3,2.62,2.85,3.2,2.55,2.65,3.15,2.55,2.83,3.29,2.72,2.8,3.2,2.62,2.8,3.3,2.7,36,2.9,2.78,3.4,3.23,2.72,2.6,34,2.1,1.99,1.87,1.81,21,0.25,1.73,1.67,2.31,2.23,2.81,3.31,2.73
E1,15/12/2018,Hull,Brentford,2,0,H,2,0,H,A Davies,7,16,3,1,6,10,3,7,0,1,0,0,2.8,3.5,2.62,2.65,3.4,2.6,2.6,3.4,2.45,2.75,3.59,2.61,2.7,3.5,2.55,2.8,3.5,2.55,36,2.8,2.69,3.65,3.45,2.65,2.54,32,1.76,1.71,2.2,2.11,21,0.25,1.75,1.7,2.26,2.19,2.9,3.51,2.54
E1,15/12/2018,Ipswich,Wigan,1,0,H,0,0,D,S Duncan,3,16,1,2,14,9,3,7,3,2,0,0,3.25,3.25,2.45,3.1,3.1,2.4,3.05,3.1,2.35,3.24,3.22,2.47,3.1,3.2,2.4,3.1,3.25,2.5,36,3.3,3.11,3.3,3.15,2.5,2.41,34,2.3,2.2,1.72,1.66,21,0.25,1.85,1.8,2.13,2.06,3.12,3.13,2.6
E1,15/12/2018,Preston,Millwall,3,2,H,2,0,H,J Duncan,14,17,7,4,10,10,8,10,1,3,0,0,2.2,3.4,3.6,2.1,3.3,3.6,2.1,3.2,3.4,2.2,3.35,3.68,2.15,3.3,3.5,2.2,3.4,3.5,36,2.2,2.15,3.45,3.29,3.68,3.5,34,2.1,2.02,1.85,1.78,21,-0.25,1.91,1.86,2.05,1.99,2.34,3.26,3.43
E1,15/12/2018,QPR,Middlesbrough,2,1,H,1,0,H,O Langford,17,8,2,1,17,12,7,5,0,3,0,0,3,3.3,2.54,2.85,3.2,2.5,2.9,3.1,2.4,3.16,3.16,2.56,3,3.2,2.45,3,3.3,2.55,36,3.16,2.98,3.3,3.15,2.65,2.49,34,2.35,2.21,1.71,1.65,21,0.25,1.8,1.74,2.2,2.12,3.2,3.16,2.53
E1,15/12/2018,Rotherham,Reading,1,1,D,0,1,A,R Joyce,26,20,10,5,19,12,13,4,1,2,0,0,2.04,3.6,3.8,2.05,3.5,3.5,1.97,3.5,3.45,2.04,3.75,3.7,2.05,3.6,3.5,2.1,3.7,3.6,36,2.15,2.04,3.75,3.55,3.8,3.54,34,1.83,1.76,2.16,2.04,21,-0.25,1.8,1.76,2.18,2.09,1.97,3.81,3.9
E1,15/12/2018,Swansea,Sheffield Weds,2,1,H,0,0,D,D Webb,12,11,4,2,6,13,7,8,0,2,0,0,1.72,4,5,1.7,3.8,4.75,1.67,3.75,4.7,1.7,4.05,5.14,1.7,3.9,4.8,1.75,4,4.8,36,1.76,1.7,4.05,3.82,5.5,4.9,34,1.85,1.79,2.11,2.01,21,-0.75,1.97,1.89,2.02,1.96,1.68,3.96,5.56
E1,17/12/2018,Derby,Nott'm Forest,0,0,D,0,0,D,K Stroud,12,14,3,4,21,11,2,4,3,3,0,0,2.04,3.7,3.8,2,3.5,3.6,1.97,3.4,3.6,2.04,3.6,3.87,2,3.5,3.8,1.95,3.6,3.6,35,2.1,2,3.7,3.51,4,3.68,33,1.9,1.84,2.05,1.95,20,-0.25,1.76,1.73,2.23,2.13,2.07,3.41,4.01
E1,22/12/2018,Blackburn,Norwich,0,1,A,0,0,D,D England,10,11,1,4,12,14,6,4,2,3,0,0,3.1,3.4,2.45,2.95,3.2,2.45,2.9,3.2,2.35,3.09,3.35,2.49,3,3.3,2.4,3,3.4,2.45,35,3.1,2.99,3.41,3.3,2.5,2.42,34,2,1.91,1.95,1.89,20,0.25,1.83,1.8,2.12,2.08,2.97,3.4,2.53
E1,22/12/2018,Brentford,Bolton,1,0,H,0,0,D,J Linington,13,10,4,1,8,19,7,4,1,3,0,0,1.5,4.4,7.5,1.53,4.1,6.25,1.5,4.05,6.1,1.51,4.42,7.12,1.52,4.2,6.5,1.57,4.2,6.5,36,1.57,1.51,4.5,4.22,7.5,6.59,34,1.87,1.81,2.11,1.99,23,-1,1.92,1.84,2.08,2.01,1.5,4.45,7.22
E1,22/12/2018,Derby,Bristol City,1,1,D,1,1,D,D Bond,21,15,7,3,9,8,9,3,0,1,0,0,2.1,3.5,3.8,2.05,3.3,3.7,1.95,3.4,3.7,2.07,3.42,3.97,2.05,3.4,3.8,2.1,3.5,3.75,36,2.1,2.03,3.6,3.4,4,3.76,33,2.04,1.93,1.95,1.87,20,-0.25,1.79,1.74,2.2,2.13,2.08,3.46,3.9
E1,22/12/2018,Hull,Swansea,3,2,H,0,1,A,O Langford,13,15,8,4,13,8,7,2,1,2,0,0,2.7,3.4,2.8,2.6,3.3,2.7,2.55,3.2,2.65,2.75,3.33,2.77,2.62,3.3,2.7,2.7,3.4,2.8,36,2.77,2.63,3.4,3.29,2.85,2.73,34,2.03,1.95,1.92,1.85,21,-0.25,2.38,2.25,1.71,1.67,2.93,3.33,2.61
E1,22/12/2018,Ipswich,Sheffield United,1,1,D,1,0,H,A Woolmer,7,16,3,3,16,11,6,5,2,2,0,0,5.25,3.5,1.83,5,3.5,1.75,4.65,3.45,1.75,5.12,3.5,1.83,5,3.5,1.78,4.8,3.6,1.83,35,5.25,4.83,3.7,3.5,1.85,1.79,34,2.1,2.02,1.85,1.79,20,1,1.65,1.56,2.56,2.45,5.12,3.41,1.85
E1,22/12/2018,Nott'm Forest,QPR,0,1,A,0,1,A,G Ward,12,7,2,2,13,8,4,3,3,1,0,0,2.1,3.4,3.9,2.05,3.3,3.75,2,3.3,3.6,2.09,3.48,3.85,2.05,3.4,3.75,2.1,3.4,3.75,36,2.1,2.06,3.55,3.39,4,3.7,34,2.05,1.98,1.9,1.83,21,-0.25,1.81,1.77,2.15,2.09,1.99,3.62,4.02
E1,22/12/2018,Reading,Middlesbrough,0,1,A,0,0,D,S Martin,12,16,4,6,12,5,9,8,2,2,0,0,4.75,3.4,1.9,4.33,3.3,1.9,4.35,3.25,1.85,4.89,3.37,1.9,4.75,3.3,1.85,4.6,3.4,1.93,36,4.89,4.52,3.45,3.34,1.95,1.89,34,2.3,2.16,1.76,1.69,21,0.75,1.77,1.72,2.21,2.15,5.04,3.46,1.85
E1,22/12/2018,Rotherham,West Brom,0,4,A,0,3,A,T Harrington,18,11,4,5,6,13,8,3,1,2,0,0,4.75,3.75,1.83,4.4,3.5,1.83,4.2,3.65,1.77,4.64,3.74,1.83,4.6,3.6,1.78,4.6,3.75,1.83,36,4.8,4.41,4.05,3.68,1.86,1.81,34,1.82,1.76,2.15,2.05,21,0.75,1.92,1.83,2.07,2.02,4.94,3.9,1.76
E1,22/12/2018,Sheffield Weds,Preston,1,0,H,0,0,D,D Coote,16,4,4,1,22,13,5,4,1,3,0,1,3.25,3.4,2.37,3.1,3.2,2.35,3.05,3.3,2.2,3.27,3.52,2.3,3.2,3.4,2.25,3.25,3.4,2.3,36,3.28,3.14,3.55,3.38,2.4,2.29,34,1.96,1.89,2,1.91,21,0.25,1.94,1.89,2,1.96,3,3.29,2.58
E1,22/12/2018,Stoke,Millwall,1,0,H,0,0,D,C Kavanagh,8,9,2,2,6,17,8,4,1,3,0,0,1.8,3.75,5,1.72,3.7,4.75,1.75,3.5,4.45,1.8,3.73,4.92,1.78,3.6,4.8,1.8,3.75,4.75,36,1.85,1.78,3.75,3.64,5,4.66,34,2,1.93,1.95,1.87,21,-0.75,2.09,2.02,1.89,1.83,1.79,3.67,5.04
E1,22/12/2018,Wigan,Birmingham,0,3,A,0,2,A,R Joyce,6,10,1,3,11,15,4,3,1,2,0,0,2.5,3.3,3.1,2.4,3.2,3,2.4,3.1,3,2.52,3.2,3.16,2.45,3.2,3,2.5,3.3,3.1,36,2.6,2.44,3.3,3.19,3.16,3.04,34,2.25,2.15,1.75,1.7,21,-0.25,2.17,2.09,1.81,1.78,2.61,3.25,2.99
E1,23/12/2018,Aston Villa,Leeds,2,3,A,2,0,H,A Madley,10,16,2,7,12,13,6,8,2,3,0,0,2.5,3.6,2.9,2.35,3.5,2.9,2.35,3.4,2.8,2.47,3.53,2.97,2.4,3.5,2.9,2.38,3.5,2.75,35,2.5,2.4,3.6,3.46,3,2.88,33,1.8,1.73,2.17,2.09,20,-0.25,2.17,2.09,1.81,1.78,2.69,3.49,2.73
E1,26/12/2018,Birmingham,Stoke,2,0,H,1,0,H,D Bond,20,14,6,4,11,10,10,5,1,4,0,0,2.9,3.3,2.62,2.85,3.1,2.5,2.7,3.1,2.6,2.84,3.2,2.78,2.8,3.1,2.7,2.8,3.2,2.7,37,2.9,2.78,3.3,3.15,2.8,2.66,35,2.21,2.1,1.8,1.73,21,0.25,1.7,1.66,2.35,2.25,2.9,3.04,2.85
E1,26/12/2018,Bolton,Rotherham,2,1,H,1,1,D,J Simpson,12,12,4,2,8,12,2,4,1,1,0,0,2.62,3.2,3,2.55,3,2.9,2.45,3.05,2.9,2.58,3.16,3.11,2.55,3.1,3,2.55,3.13,3.1,37,2.65,2.52,3.25,3.11,3.11,2.97,33,2.36,2.27,1.68,1.62,21,-0.25,2.21,2.13,1.78,1.73,2.46,3.17,3.3
E1,26/12/2018,Bristol City,Brentford,1,1,D,1,0,H,D Webb,7,14,2,3,8,14,3,4,0,1,0,0,2.35,3.5,3.2,2.3,3.4,2.95,2.25,3.3,2.95,2.39,3.48,3.13,2.35,3.4,3,2.38,3.5,3.1,37,2.41,2.32,3.55,3.41,3.2,3.04,35,1.9,1.83,2.05,1.98,21,-0.25,2.1,2.01,1.89,1.85,2.4,3.52,3.09
E1,26/12/2018,Leeds,Blackburn,3,2,H,1,0,H,S Martin,24,8,10,2,13,13,6,2,2,2,0,0,1.61,4,6.5,1.6,3.6,6,1.55,3.9,5.6,1.58,4.09,6.55,1.57,3.9,6.5,1.6,4,6.25,37,1.62,1.58,4.2,3.94,6.55,5.98,35,1.9,1.82,2.06,1.99,23,-1,2.03,1.99,1.9,1.85,1.64,3.83,6.36
E1,26/12/2018,Middlesbrough,Sheffield Weds,0,1,A,0,1,A,P Bankes,12,4,3,2,13,12,5,1,3,2,0,0,1.57,4,7,1.53,3.7,6.75,1.55,3.75,6,1.6,3.93,6.7,1.57,3.8,6.5,1.57,4,6.5,37,1.62,1.56,4.1,3.89,7,6.34,35,2.11,2.02,1.85,1.79,23,-1,2.08,2,1.9,1.85,1.68,3.57,6.57
E1,26/12/2018,Millwall,Reading,1,0,H,1,0,H,A Davies,17,8,4,2,18,16,8,4,3,1,0,2,1.75,4,5,1.7,3.7,4.75,1.67,3.75,4.6,1.72,4.15,4.82,1.7,4,4.75,1.73,4,5,37,1.78,1.72,4.15,3.88,5,4.67,35,1.9,1.84,2.05,1.96,21,-0.75,1.97,1.92,1.98,1.93,1.78,3.92,4.77
E1,26/12/2018,Norwich,Nott'm Forest,3,3,D,0,1,A,J Brooks,27,9,11,7,11,18,4,1,4,4,0,0,1.9,3.7,4.33,1.9,3.4,4,1.83,3.45,4.1,1.93,3.56,4.38,1.91,3.5,4.2,1.91,3.5,4.33,37,1.98,1.9,3.7,3.48,4.4,4.17,35,2.01,1.95,1.91,1.86,20,-0.5,1.95,1.89,2.01,1.96,2.04,3.41,4.14
E1,26/12/2018,Preston,Hull,1,2,A,0,1,A,S Duncan,22,10,6,4,6,9,6,7,0,1,0,0,2.14,3.4,3.75,2.05,3.3,3.6,2.1,3.2,3.4,2.24,3.31,3.61,2.15,3.3,3.5,2.2,3.4,3.5,37,2.25,2.15,3.4,3.3,3.75,3.5,35,2.05,1.99,1.88,1.81,21,-0.25,1.93,1.86,2.05,1.99,2.26,3.29,3.6
E1,26/12/2018,QPR,Ipswich,3,0,H,2,0,H,K Stroud,13,7,8,2,17,14,5,5,1,2,0,0,1.75,3.7,5.5,1.72,3.5,5,1.73,3.4,4.75,1.76,3.53,5.65,1.73,3.5,5.5,1.8,3.6,5,37,1.8,1.75,3.7,3.5,5.65,5.11,35,2.1,2.04,1.85,1.77,21,-0.75,2.03,1.98,1.95,1.88,1.66,3.81,6.06
E1,26/12/2018,Sheffield United,Derby,3,1,H,1,0,H,G Eltringham,16,9,6,3,13,10,2,6,3,5,0,0,2.14,3.6,3.5,2.05,3.5,3.4,2.1,3.3,3.3,2.18,3.46,3.6,2.15,3.4,3.5,2.2,3.5,3.5,37,2.25,2.13,3.6,3.41,3.65,3.44,35,1.85,1.79,2.1,2.01,21,-0.25,1.91,1.84,2.06,2.01,2.18,3.45,3.6
E1,26/12/2018,Swansea,Aston Villa,0,1,A,0,0,D,R East,19,13,5,5,8,11,9,4,2,2,0,0,2.75,3.5,2.64,2.65,3.3,2.55,2.55,3.45,2.5,2.71,3.61,2.64,2.62,3.5,2.6,2.7,3.5,2.63,37,2.75,2.64,3.7,3.49,2.7,2.57,33,1.65,1.61,2.45,2.3,20,0.25,1.72,1.68,2.34,2.22,2.51,3.49,2.94
E1,26/12/2018,West Brom,Wigan,2,0,H,1,0,H,R Jones,17,18,5,3,13,13,6,6,2,2,0,0,1.57,4.2,6.5,1.57,4,5.5,1.53,4.1,5.5,1.56,4.36,6.28,1.55,4.2,6,1.57,4.4,6,37,1.6,1.56,4.45,4.17,6.5,5.82,35,1.8,1.72,2.21,2.1,23,-1,1.99,1.94,1.96,1.91,1.58,4.15,6.44
E1,29/12/2018,Birmingham,Brentford,0,0,D,0,0,D,P Bankes,5,7,1,2,13,12,4,3,0,5,0,0,2.3,3.3,3.1,2.25,3.25,3.1,2.25,3.2,3.05,2.36,3.36,3.3,2.3,3.3,3.2,2.38,3.4,3.2,36,2.4,2.31,3.45,3.31,3.36,3.15,34,2.05,1.95,1.91,1.85,21,-0.25,2.04,1.98,1.92,1.87,2.45,3.32,3.16
E1,29/12/2018,Bolton,Stoke,0,0,D,0,0,D,K Stroud,13,11,5,3,15,9,1,6,2,3,0,0,4.75,3.5,1.8,4.6,3.2,1.85,4.55,3.2,1.83,5.1,3.22,1.92,4.8,3.3,1.85,4.75,3.4,1.9,36,5.1,4.73,3.5,3.27,1.95,1.87,33,2.35,2.25,1.68,1.63,21,0.75,1.8,1.74,2.21,2.12,4.63,3.36,1.95
E1,29/12/2018,Bristol City,Rotherham,1,0,H,0,0,D,S Duncan,22,18,8,3,7,17,13,8,2,1,0,2,1.55,3.8,5.75,1.6,3.8,5.5,1.57,3.75,5.6,1.63,3.9,6.19,1.62,3.8,6,1.62,3.9,6.25,36,1.68,1.61,4.2,3.82,6.25,5.8,34,2.05,1.97,1.9,1.83,23,-1,2.15,2.08,1.85,1.78,1.64,3.8,6.38
E1,29/12/2018,Leeds,Hull,0,2,A,0,1,A,J Brooks,22,9,7,3,13,14,8,2,3,2,0,0,1.5,4.33,6,1.53,4,6,1.53,3.95,5.8,1.58,4.12,6.5,1.57,4,6,1.57,4.2,6.5,36,1.62,1.55,4.33,4.08,6.55,6.07,34,1.87,1.82,2.05,1.99,23,-1,2.01,1.94,1.95,1.9,1.5,4.47,7.07
E1,29/12/2018,Middlesbrough,Ipswich,2,0,H,1,0,H,J Simpson,19,6,9,4,16,12,5,3,1,2,0,0,1.44,4.2,7.5,1.44,4.1,7.5,1.43,4,7.6,1.45,4.29,9,1.44,4.2,8.5,1.5,4.2,8.5,36,1.5,1.45,4.3,4.11,9,8.08,34,2.2,2.12,1.77,1.71,23,-1,1.84,1.8,2.15,2.06,1.56,3.7,8.43
E1,29/12/2018,Millwall,Nott'm Forest,1,0,H,1,0,H,T Harrington,10,9,1,4,11,8,10,5,2,2,0,0,2.5,3.25,2.8,2.6,3.2,2.7,2.55,3.1,2.75,2.7,3.21,2.91,2.62,3.2,2.8,2.6,3.3,2.9,36,2.71,2.59,3.3,3.21,2.91,2.81,34,2.13,2.04,1.85,1.77,21,-0.25,2.33,2.2,1.76,1.69,2.61,3.28,2.97
E1,29/12/2018,Norwich,Derby,3,4,A,2,2,D,D Webb,24,19,7,5,13,12,5,7,3,3,0,0,2.1,3.4,3.4,2.1,3.5,3.25,2.15,3.4,3.1,2.23,3.52,3.4,2.15,3.5,3.3,2.25,3.6,3.3,36,2.3,2.18,3.6,3.47,3.4,3.24,34,1.8,1.74,2.19,2.07,21,-0.25,1.96,1.91,2,1.95,2.02,3.68,3.84
E1,29/12/2018,Preston,Aston Villa,1,1,D,0,1,A,G Eltringham,13,15,4,5,14,10,6,5,2,2,0,0,2.9,3.4,2.37,2.85,3.4,2.35,2.8,3.4,2.35,2.95,3.55,2.47,2.88,3.4,2.45,2.9,3.5,2.5,36,2.96,2.86,3.6,3.46,2.5,2.41,34,1.8,1.72,2.2,2.11,21,0.25,1.81,1.78,2.14,2.09,3.19,3.49,2.35
E1,29/12/2018,QPR,Reading,0,0,D,0,0,D,R Jones,16,13,4,5,16,12,7,7,3,2,0,0,1.6,4,5.25,1.65,3.9,4.75,1.6,3.85,5,1.64,4.16,5.57,1.62,4,5.5,1.65,4.1,5.5,36,1.7,1.64,4.16,3.97,5.68,5.19,34,1.85,1.8,2.1,2,23,-1,2.2,2.1,1.81,1.75,1.75,3.8,5.2
E1,29/12/2018,Sheffield United,Blackburn,3,0,H,0,0,D,A Taylor,14,10,5,1,18,9,6,4,4,1,1,1,1.6,4,5.25,1.6,4,5.25,1.6,3.8,5.2,1.64,4.06,5.81,1.62,4,5.5,1.65,4,5.75,36,1.68,1.62,4.15,3.93,5.81,5.42,34,1.9,1.82,2.06,1.98,23,-1,2.15,2.08,1.82,1.76,1.49,4.69,6.88
E1,29/12/2018,Swansea,Wigan,2,2,D,0,2,A,J Linington,13,16,6,5,16,18,7,5,3,4,0,0,1.9,3.5,4,1.87,3.4,4.2,1.8,3.45,4.25,1.88,3.59,4.6,1.85,3.5,4.5,1.91,3.6,4.4,36,1.92,1.87,3.7,3.51,4.6,4.3,34,2.05,1.99,1.9,1.82,21,-0.75,2.21,2.13,1.8,1.74,1.95,3.57,4.27
E1,29/12/2018,West Brom,Sheffield Weds,1,1,D,0,1,A,A Davies,10,9,3,5,6,8,10,4,2,2,1,0,1.44,4.33,7,1.44,4.25,7,1.47,4.3,6,1.5,4.54,6.88,1.5,4.4,6.5,1.5,4.6,7,36,1.53,1.48,4.7,4.44,7.25,6.61,32,1.65,1.59,2.45,2.32,23,-1,1.82,1.76,2.2,2.09,1.68,3.73,5.98
E1,01/01/2019,Aston Villa,QPR,2,2,D,1,1,D,J Linington,22,11,5,4,10,21,9,1,2,5,0,0,1.85,3.8,4.5,1.75,3.75,4.33,1.77,3.6,4.15,1.85,3.74,4.52,1.83,3.7,4.33,1.87,3.8,4.3,36,1.9,1.83,3.85,3.68,4.52,4.31,34,1.79,1.74,2.2,2.09,20,-0.75,2.12,2.06,1.85,1.79,1.95,3.68,4.12
E1,01/01/2019,Blackburn,West Brom,2,1,H,0,0,D,O Langford,10,14,4,6,14,12,3,6,3,3,0,1,3.1,3.6,2.37,3,3.5,2.2,3,3.4,2.2,3.15,3.55,2.35,3.1,3.4,2.3,3.13,3.5,2.38,36,3.2,3.04,3.6,3.44,2.4,2.31,34,1.83,1.77,2.11,2.03,20,0.25,1.9,1.86,2.03,1.99,3.12,3.56,2.36
E1,01/01/2019,Brentford,Norwich,1,1,D,1,0,H,G Ward,16,8,4,3,10,16,5,8,4,2,0,0,2.54,3.5,2.9,2.45,3.25,2.8,2.4,3.3,2.8,2.58,3.35,2.95,2.5,3.4,2.8,2.5,3.5,2.9,36,2.6,2.48,3.5,3.34,2.95,2.85,34,1.8,1.75,2.15,2.07,20,-0.25,2.24,2.13,1.79,1.73,2.55,3.53,2.86
E1,01/01/2019,Derby,Middlesbrough,1,1,D,1,0,H,R Jones,8,11,2,2,8,12,4,5,0,2,0,0,2.37,3.3,3.3,2.3,3.2,3.1,2.25,3.1,3.15,2.38,3.26,3.36,2.35,3.2,3.25,2.4,3.25,3.25,36,2.4,2.32,3.3,3.19,3.4,3.24,33,2.2,2.12,1.85,1.71,20,-0.25,2.05,1.99,1.9,1.86,2.46,3.21,3.25
E1,01/01/2019,Hull,Bolton,6,0,H,1,0,H,T Harrington,20,5,10,0,16,12,6,1,2,2,0,0,1.66,3.8,6,1.65,3.6,5.5,1.63,3.5,5.5,1.69,3.65,6.15,1.67,3.6,5.8,1.67,3.75,6,36,1.73,1.66,3.8,3.62,6.25,5.76,34,2.26,2.17,1.75,1.68,23,-1,2.36,2.24,1.75,1.67,1.93,3.3,4.9
E1,01/01/2019,Ipswich,Millwall,2,3,A,1,0,H,S Martin,14,10,5,4,8,13,6,3,0,1,0,0,3.4,3.2,2.37,3.2,3.1,2.3,3.25,3,2.3,3.41,3.18,2.4,3.3,3.1,2.35,3.4,3.2,2.38,36,3.52,3.31,3.2,3.11,2.45,2.34,32,2.52,2.39,1.62,1.56,20,0.25,1.92,1.86,2.03,1.98,3.52,3.2,2.33
E1,01/01/2019,Nott'm Forest,Leeds,4,2,H,1,0,H,D England,13,14,6,7,13,13,6,8,2,0,0,1,3.2,3.4,2.4,3.1,3.25,2.3,2.9,3.2,2.35,3.14,3.34,2.46,3,3.3,2.4,3.1,3.4,2.45,36,3.2,3.04,3.4,3.28,2.47,2.39,33,2.02,1.93,1.92,1.87,20,0.25,1.84,1.81,2.1,2.05,3.59,3.42,2.2
E1,01/01/2019,Reading,Swansea,1,4,A,0,3,A,T Robinson,16,8,5,5,13,12,7,1,2,1,0,0,3.25,3.4,2.37,3.25,3.2,2.2,3.1,3.25,2.2,3.32,3.37,2.34,3.2,3.3,2.3,3.13,3.4,2.38,36,3.32,3.19,3.41,3.31,2.4,2.28,34,1.95,1.89,1.99,1.91,20,0.25,1.92,1.87,2.03,1.98,3.49,3.49,2.21
E1,01/01/2019,Rotherham,Preston,2,1,H,1,0,H,L Probert,8,17,3,5,13,9,3,5,5,1,0,0,3.2,3.4,2.4,3,3.3,2.3,3.05,3.2,2.25,3.19,3.39,2.4,3.1,3.3,2.35,3.2,3.3,2.4,36,3.25,3.11,3.4,3.28,2.45,2.34,34,2.07,1.99,1.87,1.81,20,0.25,1.88,1.84,2.05,2.01,2.89,3.4,2.6
E1,01/01/2019,Sheffield Weds,Birmingham,1,1,D,1,0,H,A Woolmer,15,11,7,1,13,15,6,4,1,3,0,0,2.9,3.2,2.7,2.75,3.1,2.6,2.8,3.05,2.55,2.93,3.14,2.74,2.88,3.1,2.62,2.9,3.13,2.7,36,3,2.84,3.2,3.12,2.75,2.62,33,2.3,2.2,1.73,1.66,20,0.25,1.72,1.67,2.31,2.23,3.1,3.07,2.66
E1,01/01/2019,Stoke,Bristol City,0,2,A,0,1,A,P Tierney,16,6,7,2,17,15,7,0,3,1,0,0,2.1,3.4,3.9,1.95,3.3,3.9,1.97,3.25,3.8,2.07,3.33,4.11,2.05,3.3,3.9,2.1,3.4,3.9,36,2.15,2.03,3.45,3.29,4.11,3.9,34,2.22,2.14,1.76,1.7,20,-0.25,1.79,1.74,2.2,2.13,2.23,3.15,3.86
E1,01/01/2019,Wigan,Sheffield United,0,3,A,0,1,A,A Madley,13,13,2,4,7,14,7,8,2,2,0,0,3.6,3.5,2.14,3.3,3.3,2.15,3.4,3.3,2.05,3.66,3.44,2.16,3.5,3.3,2.15,3.5,3.4,2.2,36,3.66,3.47,3.5,3.36,2.2,2.14,34,2,1.92,1.96,1.88,20,0.25,2.07,2.01,1.88,1.83,3.61,3.42,2.19
E1,11/01/2019,Leeds,Derby,2,0,H,1,0,H,A Davies,15,7,5,2,12,14,8,2,1,4,0,0,2.05,3.6,3.8,2,3.5,3.75,1.97,3.5,3.55,2.06,3.61,3.79,2,3.6,3.7,2.05,3.7,3.7,38,2.1,2.02,3.7,3.52,3.85,3.7,37,1.8,1.74,2.18,2.08,20,-0.5,2.06,2.01,1.9,1.84,1.89,3.69,4.38
E1,12/01/2019,Birmingham,Middlesbrough,1,2,A,0,1,A,G Scott,15,8,4,5,11,11,2,4,2,1,0,0,2.8,3.1,2.9,2.65,2.95,2.9,2.6,2.9,2.85,2.74,3.06,3.01,2.62,3,3,2.7,3.1,3,38,2.87,2.7,3.1,2.98,3.01,2.89,34,2.75,2.59,1.55,1.49,22,-0.25,2.35,2.27,1.7,1.66,2.75,2.93,3.12
E1,12/01/2019,Brentford,Stoke,3,1,H,2,1,H,T Robinson,16,2,5,1,13,13,6,3,0,2,0,0,2.4,3.4,3.2,2.35,3.3,3,2.25,3.25,3.05,2.4,3.37,3.21,2.3,3.25,3.2,2.3,3.4,3.25,38,2.45,2.33,3.45,3.3,3.25,3.11,37,2.05,1.98,1.9,1.82,22,-0.25,2.05,2,1.9,1.85,2.59,3.21,3.06
E1,12/01/2019,Bristol City,Bolton,2,1,H,0,0,D,S Martin,20,8,5,4,11,18,9,0,0,2,0,0,1.6,3.9,7,1.55,3.9,6.5,1.57,3.65,5.9,1.61,3.91,6.61,1.57,3.8,6.5,1.6,3.9,6.5,38,1.65,1.58,4,3.8,7,6.34,37,2.22,2.12,1.8,1.72,24,-1,2.13,2.07,1.86,1.79,1.64,3.84,6.35
E1,12/01/2019,Hull,Sheffield Weds,3,0,H,1,0,H,G Eltringham,17,3,7,0,5,13,5,1,0,2,0,0,2.05,3.5,3.9,2.05,3.5,3.5,1.97,3.35,3.7,2.04,3.53,3.96,2,3.4,3.9,2.1,3.5,3.8,38,2.13,2.04,3.55,3.41,3.96,3.72,37,2.06,1.99,1.9,1.81,22,-0.25,1.82,1.75,2.21,2.12,2.32,3.26,3.48
E1,12/01/2019,Ipswich,Rotherham,1,0,H,1,0,H,J Linington,3,18,1,2,17,10,1,4,2,1,0,0,2.45,3.25,3.2,2.35,3.2,3.1,2.3,3.1,3.1,2.44,3.34,3.16,2.38,3.25,3.1,2.4,3.3,3.2,38,2.5,2.37,3.34,3.22,3.3,3.13,37,2.25,2.17,1.75,1.68,21,-0.25,2.08,2.01,1.87,1.84,2.44,3.26,3.25
E1,12/01/2019,Millwall,Blackburn,0,2,A,0,0,D,R Jones,7,5,2,2,14,13,2,1,0,0,0,0,2.15,3.4,3.75,2.1,3.25,3.6,2,3.25,3.55,2.1,3.42,3.88,2.05,3.3,3.75,2.15,3.4,3.7,38,2.19,2.09,3.5,3.33,3.88,3.64,37,2.1,2.01,1.88,1.8,22,-0.25,1.86,1.8,2.14,2.06,2.12,3.47,3.77
E1,12/01/2019,Preston,Swansea,1,1,D,0,0,D,K Stroud,8,12,5,3,16,16,3,4,0,3,1,0,2.5,3.4,3,2.4,3.25,2.95,2.4,3.3,2.8,2.55,3.46,2.91,2.5,3.3,2.88,2.55,3.4,2.9,37,2.6,2.46,3.5,3.35,3,2.88,36,1.92,1.86,2.01,1.93,21,-0.25,2.15,2.1,1.82,1.76,2.62,3.37,2.88
E1,12/01/2019,Reading,Nott'm Forest,2,0,H,1,0,H,O Langford,13,8,5,3,14,16,6,2,3,3,0,1,3.5,3.4,2.25,3.4,3.3,2.15,3.15,3.25,2.2,3.44,3.4,2.27,3.4,3.3,2.2,3.3,3.4,2.3,38,3.6,3.35,3.5,3.35,2.35,2.21,37,2.05,1.92,1.95,1.88,22,0.25,1.98,1.94,1.96,1.9,2.84,3.35,2.67
E1,12/01/2019,Sheffield United,QPR,1,0,H,1,0,H,A Woolmer,10,6,2,2,18,11,6,2,2,1,0,0,1.65,3.9,6,1.62,3.8,5.5,1.57,3.8,5.4,1.66,3.91,5.88,1.62,3.8,5.8,1.65,4,5.75,38,1.7,1.63,4.1,3.87,6.05,5.6,37,1.96,1.89,2.03,1.92,23,-1,2.18,2.1,1.86,1.76,1.64,4,5.88
E1,12/01/2019,West Brom,Norwich,1,1,D,1,0,H,D England,14,12,5,4,15,12,6,5,3,4,0,0,2.25,3.6,3.3,2.1,3.6,3.25,2.15,3.5,3.1,2.25,3.62,3.29,2.15,3.6,3.2,2.2,3.7,3.25,38,2.27,2.18,3.7,3.57,3.3,3.19,36,1.7,1.65,2.33,2.21,22,-0.25,1.95,1.9,1.99,1.94,2.31,3.58,3.18
E1,12/01/2019,Wigan,Aston Villa,3,0,H,1,0,H,T Harrington,13,4,6,0,12,13,8,6,3,2,0,0,3.3,3.5,2.3,3,3.5,2.25,3.05,3.4,2.2,3.3,3.5,2.29,3.25,3.5,2.2,3.13,3.6,2.3,38,3.35,3.16,3.6,3.43,2.35,2.25,37,1.82,1.75,2.15,2.06,22,0.25,1.95,1.9,2.01,1.95,3.1,3.47,2.41
E1,18/01/2019,Norwich,Birmingham,3,1,H,3,1,H,T Robinson,10,8,4,4,5,22,5,6,0,4,0,0,1.9,3.6,4.4,1.87,3.5,4.33,1.85,3.45,4.05,1.89,3.6,4.51,1.85,3.5,4.33,1.91,3.6,4.4,37,1.96,1.89,3.7,3.52,4.7,4.27,36,2,1.91,1.96,1.89,21,-0.75,2.19,2.14,1.78,1.73,1.89,3.55,4.58
E1,19/01/2019,Aston Villa,Hull,2,2,D,1,2,A,D Bond,18,12,2,4,14,11,7,5,2,3,0,0,2,3.8,3.75,2,3.5,3.7,1.97,3.55,3.45,2.05,3.63,3.79,1.95,3.7,3.7,2.05,3.8,3.6,37,2.1,2.01,3.8,3.61,3.8,3.62,34,1.7,1.65,2.38,2.22,21,-0.25,1.78,1.74,2.19,2.12,2.07,3.58,3.78
E1,19/01/2019,Blackburn,Ipswich,2,0,H,0,0,D,D England,16,11,4,3,14,18,6,5,2,1,0,0,1.75,3.6,5.75,1.7,3.4,5.5,1.73,3.4,4.9,1.79,3.41,5.65,1.75,3.4,5.5,1.8,3.6,5.2,37,1.83,1.76,3.6,3.41,5.75,5.27,36,2.23,2.12,1.8,1.71,21,-1,2.53,2.44,1.65,1.57,1.9,3.34,4.95
E1,19/01/2019,Derby,Reading,2,1,H,2,0,H,A Woolmer,10,9,4,2,9,10,4,3,2,1,0,0,1.7,3.9,5.5,1.65,3.8,5.25,1.67,3.7,4.7,1.74,3.74,5.36,1.7,3.75,5,1.73,3.9,5,37,1.78,1.7,3.9,3.75,5.6,5.07,36,1.81,1.75,2.19,2.06,23,-1,2.3,2.24,1.72,1.67,1.74,3.72,5.41
E1,19/01/2019,Middlesbrough,Millwall,1,1,D,0,1,A,K Stroud,16,7,2,3,13,10,8,4,3,1,0,0,1.85,3.4,5.25,1.87,3.2,4.6,1.85,3.2,4.5,1.87,3.36,5.11,1.85,3.3,4.8,1.9,3.4,4.75,37,1.91,1.86,3.4,3.29,5.25,4.73,33,2.5,2.37,1.63,1.57,21,-0.75,2.23,2.15,1.77,1.72,1.96,3.24,4.82
E1,19/01/2019,Nott'm Forest,Bristol City,0,1,A,0,0,D,J Simpson,15,13,4,7,12,8,10,4,2,0,0,0,2.5,3.3,3.1,2.4,3.2,3,2.35,3.1,3,2.48,3.32,3.13,2.4,3.2,3.1,2.45,3.3,3.13,37,2.52,2.43,3.32,3.22,3.2,3.04,35,2.3,2.19,1.73,1.67,21,-0.25,2.14,2.07,1.84,1.79,2.39,3.29,3.3
E1,19/01/2019,QPR,Preston,1,4,A,0,1,A,A Madley,13,13,5,6,10,12,5,6,3,2,0,0,2.2,3.5,3.5,2.2,3.3,3.3,2.1,3.25,3.35,2.2,3.38,3.62,2.1,3.4,3.6,2.2,3.5,3.5,37,2.22,2.17,3.5,3.33,3.62,3.43,36,2.02,1.94,1.93,1.86,21,-0.25,1.92,1.87,2.04,1.98,2.23,3.36,3.57
E1,19/01/2019,Rotherham,Brentford,2,4,A,1,1,D,T Harrington,13,15,4,7,12,12,5,1,1,0,0,0,4,3.6,2,3.7,3.5,2,3.6,3.4,1.95,3.91,3.6,2.03,3.8,3.5,2,3.8,3.6,2.05,37,4,3.75,3.6,3.51,2.06,2,36,1.91,1.85,2.06,1.96,21,0.25,2.22,2.14,1.76,1.73,4.18,3.54,1.98
E1,19/01/2019,Sheffield Weds,Wigan,1,0,H,0,0,D,P Bankes,21,8,8,1,12,16,9,1,0,2,0,0,2.55,3.3,3,2.45,3.1,3,2.45,3.1,2.85,2.59,3.28,2.99,2.5,3.2,3,2.55,3.3,3,37,2.6,2.49,3.3,3.19,3.1,2.95,36,2.22,2.14,1.75,1.7,21,-0.25,2.23,2.14,1.77,1.73,2.53,3.36,3.02
E1,19/01/2019,Stoke,Leeds,2,1,H,0,0,D,G Ward,12,17,5,4,11,10,6,8,1,2,0,1,3,3.5,2.45,2.9,3.3,2.4,2.9,3.25,2.35,3.07,3.5,2.42,3,3.4,2.38,3,3.5,2.45,37,3.1,2.96,3.5,3.35,2.45,2.4,36,2.02,1.94,1.91,1.85,21,0.25,1.85,1.81,2.11,2.05,3.05,3.45,2.46
E1,19/01/2019,Swansea,Sheffield United,1,0,H,0,0,D,J Brooks,11,12,3,4,8,17,3,7,0,4,0,0,3,3.4,2.5,2.95,3.4,2.35,2.9,3.25,2.35,3.02,3.47,2.47,3,3.3,2.4,3.1,3.4,2.4,37,3.1,2.96,3.47,3.35,2.5,2.41,36,2.05,1.97,1.91,1.84,21,0.25,1.84,1.8,2.12,2.06,2.94,3.3,2.62
E1,21/01/2019,Bolton,West Brom,0,2,A,0,1,A,D Webb,10,12,3,3,16,8,10,5,2,2,0,0,4.75,3.6,1.72,4.75,3.4,1.8,4.6,3.4,1.75,5.35,3.42,1.82,5,3.5,1.75,4.5,3.6,1.75,36,5.35,4.86,3.6,3.45,1.84,1.79,35,2.01,1.94,1.95,1.86,20,0.75,1.89,1.83,2.07,2.02,5.26,3.84,1.73
E1,26/01/2019,Aston Villa,Ipswich,2,1,H,1,0,H,K Stroud,23,8,13,4,14,19,9,3,3,1,0,0,1.5,4.5,7.5,1.53,4,6.5,1.5,4,6.1,1.52,4.24,7.23,1.5,4.33,6.5,1.53,4.5,6.5,37,1.56,1.52,4.5,4.14,7.5,6.61,36,1.85,1.79,2.13,2.01,23,-1,1.92,1.87,2.04,1.97,1.48,4.54,7.33
E1,26/01/2019,Blackburn,Hull,3,0,H,2,0,H,J Simpson,11,4,4,2,15,9,6,3,1,1,0,0,2.3,3.5,3.25,2.35,3.25,3.1,2.25,3.3,3.05,2.39,3.45,3.16,2.3,3.4,3.1,2.3,3.5,3.2,37,2.45,2.32,3.5,3.33,3.25,3.11,36,2,1.95,1.93,1.86,21,-0.25,2.07,1.99,1.92,1.86,2.46,3.37,3.12
E1,26/01/2019,Norwich,Sheffield United,2,2,D,1,1,D,J Linington,7,17,5,3,16,14,10,3,3,2,0,0,2.5,3.4,3,2.45,3.4,2.8,2.4,3.3,2.75,2.47,3.5,2.99,2.4,3.4,3,2.5,3.5,2.9,37,2.55,2.44,3.5,3.38,3,2.88,36,1.87,1.81,2.08,2,21,-0.25,2.17,2.09,1.82,1.78,2.49,3.43,3.01
E1,26/01/2019,Nott'm Forest,Wigan,3,1,H,1,1,D,A Davies,12,12,3,7,16,13,3,4,4,2,0,0,2.15,3.4,3.8,2.05,3.25,3.75,2.05,3.2,3.5,2.14,3.38,3.81,2.1,3.25,3.7,2.1,3.4,3.8,37,2.2,2.11,3.4,3.28,3.91,3.65,36,2.16,2.09,1.8,1.74,21,-0.25,1.86,1.8,2.11,2.06,2.19,3.31,3.76
E1,26/01/2019,Rotherham,Leeds,1,2,A,1,0,H,T Robinson,5,14,3,4,16,13,4,5,1,2,0,0,5.75,4,1.66,5.5,3.8,1.62,5.2,3.75,1.6,5.95,3.94,1.65,5.8,3.8,1.62,5.5,4,1.67,37,6.1,5.54,4,3.84,1.7,1.63,36,1.91,1.83,2.05,1.98,23,1,1.83,1.77,2.16,2.08,5.96,4.26,1.59
E1,26/01/2019,Stoke,Preston,0,2,A,0,1,A,O Langford,10,12,1,5,11,11,9,8,2,1,0,0,2,3.4,4.33,1.91,3.25,4.33,1.93,3.25,3.95,2.01,3.37,4.29,1.95,3.3,4.2,2,3.4,4.1,37,2.05,1.96,3.5,3.34,4.4,4.1,36,2.25,2.15,1.76,1.69,20,-0.5,2.03,1.97,2.01,1.88,2.12,3.12,4.27
E1,29/01/2019,Bolton,Reading,1,1,D,0,0,D,S Duncan,13,16,6,7,12,11,3,2,2,3,0,0,2.8,3.2,2.8,2.7,3.1,2.8,2.65,3.05,2.7,2.8,3.23,2.8,2.75,3.2,2.7,2.75,3.25,2.75,36,2.85,2.73,3.25,3.13,2.86,2.75,34,2.3,2.21,1.72,1.66,19,-0.25,2.41,2.3,1.68,1.64,3.33,3.11,2.48
E1,29/01/2019,Swansea,Birmingham,3,3,D,1,1,D,S Martin,16,9,7,3,15,15,12,4,2,4,0,1,2.15,3.4,3.75,2.1,3.3,3.7,2.05,3.25,3.6,2.12,3.41,3.85,2.1,3.3,3.7,2.15,3.4,3.75,36,2.15,2.1,3.45,3.31,3.86,3.69,35,2.17,2.07,1.83,1.74,19,-0.25,1.85,1.79,2.13,2.06,2.14,3.29,3.93
E1,01/02/2019,Preston,Derby,0,0,D,0,0,D,D Bond,23,7,3,0,8,17,11,1,1,1,0,0,2.3,3.5,3.25,2.3,3.4,3.2,2.25,3.3,3,2.36,3.45,3.21,2.3,3.4,3.1,2.4,3.5,3,35,2.42,2.31,3.5,3.38,3.32,3.12,34,1.91,1.85,2.03,1.95,19,-0.25,2.06,1.99,1.9,1.85,2.44,3.35,3.15
E1,02/02/2019,Birmingham,Nott'm Forest,2,0,H,1,0,H,D Webb,14,12,5,3,13,11,4,5,2,1,0,1,2.3,3.3,3.5,2.2,3.1,3.5,2.2,3.1,3.25,2.35,3.2,3.48,2.25,3.2,3.4,2.38,3.3,3.3,35,2.4,2.28,3.3,3.14,3.55,3.35,32,2.3,2.2,1.7,1.65,19,-0.25,2.01,1.95,1.92,1.89,2.41,3.04,3.57
E1,02/02/2019,Brentford,Blackburn,5,2,H,1,2,A,A Davies,20,10,9,4,6,12,5,5,1,1,0,0,0,3.75,4.2,1.83,3.6,4.2,1.87,3.5,3.9,1.93,3.62,4.28,1.85,3.6,4.2,1.93,3.75,4.1,35,2,1.9,3.75,3.55,4.28,4.03,33,1.91,1.83,2.05,1.96,19,-0.75,2.22,2.16,1.76,1.71,1.93,3.49,4.49
E1,02/02/2019,Bristol City,Swansea,2,0,H,0,0,D,A Woolmer,13,11,4,4,9,10,6,3,0,1,0,0,2.35,3.4,3.25,2.2,3.3,3.3,2.25,3.2,3.1,2.35,3.37,3.31,2.3,3.25,3.2,2.38,3.4,3.2,35,2.38,2.27,3.45,3.29,3.4,3.2,33,2.06,1.98,1.87,1.81,19,-0.25,2.04,1.98,1.92,1.86,2.24,3.41,3.5
E1,02/02/2019,Hull,Stoke,2,0,H,1,0,H,P Bankes,7,9,3,2,11,15,3,3,2,2,0,0,2.6,3.4,2.87,2.5,3.2,2.85,2.5,3.15,2.75,2.65,3.37,2.86,2.5,3.3,2.88,2.6,3.4,2.88,35,2.65,2.54,3.4,3.25,3,2.83,33,2.19,2.08,1.8,1.73,19,-0.25,2.26,2.17,1.76,1.7,2.87,3.29,2.69
E1,02/02/2019,Ipswich,Sheffield Weds,0,1,A,0,0,D,O Langford,8,17,2,3,16,16,3,2,1,2,0,0,3.1,3.1,2.62,2.9,3,2.6,2.8,2.95,2.6,3,3.14,2.68,3,3,2.62,2.9,3.1,2.7,35,3.1,2.91,3.14,3.03,2.75,2.61,32,2.4,2.29,1.67,1.61,19,0.25,1.74,1.68,2.26,2.2,3.45,3.14,2.4
E1,02/02/2019,Leeds,Norwich,1,3,A,0,2,A,S Attwell,21,14,6,5,16,14,4,4,3,2,0,0,1.95,3.8,4,1.85,3.6,4.1,1.9,3.55,3.7,1.97,3.71,3.99,1.91,3.7,3.9,1.95,3.8,3.9,35,2.05,1.92,3.8,3.6,4.15,3.88,33,1.77,1.73,2.2,2.09,19,-0.75,2.26,2.18,1.75,1.7,1.93,3.82,4.08
E1,02/02/2019,Millwall,Rotherham,0,0,D,0,0,D,A Madley,9,8,1,3,16,21,7,6,0,4,0,0,1.66,3.8,6,1.65,3.8,5.25,1.65,3.6,5.1,1.68,3.76,5.96,1.65,3.7,5.8,1.7,3.8,5.5,35,1.72,1.66,3.85,3.71,6,5.43,33,2,1.93,1.95,1.87,21,-1,2.25,2.18,1.75,1.69,1.74,3.56,5.85
E1,02/02/2019,Reading,Aston Villa,0,0,D,0,0,D,G Eltringham,7,13,2,3,16,17,5,6,3,4,0,0,3.5,3.6,2.15,3.25,3.5,2.15,3.2,3.5,2.1,3.45,3.51,2.22,3.4,3.4,2.15,3.4,3.6,2.2,35,3.5,3.3,3.7,3.47,2.25,2.15,32,1.75,1.69,2.25,2.14,19,0.25,2.04,1.98,1.91,1.86,3.16,3.49,2.37
E1,02/02/2019,Sheffield United,Bolton,2,0,H,0,0,D,K Stroud,12,6,2,1,8,14,13,3,0,1,0,0,1.28,5.5,15,1.28,5.25,11.5,1.26,4.95,11.5,1.28,5.65,13.43,1.25,5.5,15,1.29,5.5,15,35,1.3,1.28,5.65,5.27,15,12.45,33,2,1.92,1.95,1.88,21,-1.5,1.94,1.89,1.99,1.94,1.3,5.61,11.49
E1,02/02/2019,West Brom,Middlesbrough,2,3,A,1,1,D,T Robinson,19,14,6,5,6,21,9,1,1,4,0,0,2.2,3.25,3.8,2.15,3.2,3.6,2.1,3.1,3.55,2.2,3.23,3.82,2.15,3.2,3.7,2.15,3.3,3.75,35,2.25,2.15,3.3,3.18,3.82,3.62,33,2.36,2.25,1.7,1.63,19,-0.25,1.87,1.83,2.06,2.01,2.36,3.08,3.6
E1,02/02/2019,Wigan,QPR,2,1,H,1,0,H,S Duncan,7,21,3,5,11,12,3,6,3,1,0,0,2.37,3.4,3.25,2.3,3.1,3.3,2.3,3.15,3.1,2.37,3.43,3.21,2.3,3.3,3.2,2.38,3.4,3.2,35,2.45,2.33,3.43,3.26,3.3,3.14,33,2.25,2.12,1.77,1.71,19,-0.25,2.03,1.99,1.89,1.85,2.39,3.36,3.24
